date,buy_sig,sell_sig,buy_list,sell_list,action,reason,cash,shares,close,portfolio
2025-06-24,2,1,"BB회귀,W패턴",MACD,관망,매수2/매도1,10000000.0,0,108785.4453125,10000000.0
2025-06-25,1,5,W패턴,"저항거부,RSI이탈,MACD,BB거부,STO_DC",관망,매수1/매도5,10000000.0,0,106073.0703125,10000000.0
2025-06-26,2,2,"BB회귀,W패턴","MACD,STO_DC",관망,매수2/매도2,10000000.0,0,106460.5546875,10000000.0
2025-06-27,2,1,"BB회귀,W패턴",STO_DC,관망,매수2/매도1,10000000.0,0,107138.640625,10000000.0
2025-06-30,1,1,BB회귀,STO_DC,관망,매수1/매도1,10000000.0,0,107429.2578125,10000000.0
2025-07-01,0,3,,"저항거부,BB거부,STO_DC",관망,매수0/매도3,10000000.0,0,107332.3828125,10000000.0
2025-07-02,2,1,"BB회귀,W패턴",STO_DC,관망,매수2/매도1,10000000.0,0,109947.8828125,10000000.0
2025-07-03,3,1,"MACD,BB회귀,W패턴",STO_DC,관망,매수3/매도1,10000000.0,0,113241.484375,10000000.0
2025-07-04,2,5,"MACD,W패턴","저항거부,RSI이탈,MACD,BB거부,STO_DC",관망,매수2/매도5,10000000.0,0,108591.703125,10000000.0
2025-07-07,3,2,"MACD,BB회귀,W패턴","MACD,STO_DC",관망,매수3/매도2,10000000.0,0,110819.7265625,10000000.0
2025-07-08,3,2,"MACD,BB회귀,W패턴","MACD,STO_DC",관망,매수3/매도2,10000000.0,0,118181.8671875,10000000.0
2025-07-09,2,4,"MACD,W패턴","저항거부,MACD,BB거부,STO_DC",관망,매수2/매도4,10000000.0,0,114694.53125,10000000.0
2025-07-10,2,4,"MACD,W패턴","저항거부,MACD,BB거부,STO_DC",관망,매수2/매도4,10000000.0,0,113144.609375,10000000.0
2025-07-11,2,2,"MACD,W패턴","MACD,STO_DC",관망,매수2/매도2,10000000.0,0,113628.9609375,10000000.0
2025-07-14,2,2,"MACD,W패턴","MACD,STO_DC",관망,매수2/매도2,10000000.0,0,114791.40625,10000000.0
2025-07-15,2,2,"MACD,W패턴","MACD,STO_DC",관망,매수2/매도2,10000000.0,0,115856.984375,10000000.0
2025-07-16,1,4,MACD,"RSI이탈,MACD,BB거부,STO_DC",관망,매수1/매도4,10000000.0,0,110044.7578125,10000000.0
2025-07-17,1,3,MACD,"MACD,M패턴,STO_DC",관망,매수1/매도3,10000000.0,0,111207.203125,10000000.0
2025-07-18,1,5,MACD,"RSI이탈,MACD,BB거부,M패턴,STO_DC",관망,매수1/매도5,10000000.0,0,109851.015625,10000000.0
2025-07-21,1,3,MACD,"MACD,M패턴,STO_DC",관망,매수1/매도3,10000000.0,0,111400.9453125,10000000.0
2025-07-22,0,6,,"DC,RSI이탈,MACD,BB거부,M패턴,STO_DC",관망,매수0/매도6,10000000.0,0,111013.4609375,10000000.0
2025-07-23,0,4,,"DC,MACD,M패턴,STO_DC",관망,매수0/매도4,10000000.0,0,111691.5546875,10000000.0
2025-07-24,0,3,,"DC,MACD,STO_DC",관망,매수0/매도3,10000000.0,0,113532.0859375,10000000.0
2025-07-25,1,3,GC,"DC,MACD,STO_DC",관망,매수1/매도3,10000000.0,0,115082.0078125,10000000.0
2025-07-28,1,6,GC,"DC,RSI이탈,MACD,BB거부,M패턴,STO_DC",관망,매수1/매도6,10000000.0,0,107041.7734375,10000000.0
2025-07-29,2,3,"GC,BB회귀","DC,MACD,STO_DC",관망,매수2/매도3,10000000.0,0,107816.734375,10000000.0
2025-07-30,4,1,"GC,RSI탈출,BB회귀,STO_GC",DC,매수,매수4/매도1,43718.459079146385,92,109269.796875,10096539.771579146
2025-07-31,2,2,"GC,STO_GC","DC,BB거부",매도,손절-3.5%,9630280.363673622,0,107429.2578125,9630280.363673622
2025-08-01,2,2,"GC,STO_GC","DC,BB거부",관망,매수2/매도2,9630280.363673622,0,102682.609375,9630280.363673622
2025-08-04,3,1,"GC,BB회귀,STO_GC",DC,관망,매수3/매도1,9630280.363673622,0,105007.5,9630280.363673622
2025-08-05,5,1,"GC,RSI탈출,BB회귀,W패턴,STO_GC",DC,매수,매수5/매도1,38674.47805916332,88,108882.3046875,9620317.290559163
2025-08-06,5,1,"GC,RSI탈출,BB회귀,W패턴,STO_GC",DC,관망,매수5/매도1,38674.47805916332,88,111982.15625,9893104.228059163
2025-08-07,3,2,"GC,W패턴,STO_GC","DC,BB거부",관망,매수3/매도2,38674.47805916332,88,111400.9453125,9841957.665559163
2025-08-08,2,2,"W패턴,STO_GC","DC,BB거부",관망,매수2/매도2,38674.47805916332,88,110834.5703125,9792116.665559163
2025-08-11,3,1,"GC,W패턴,STO_GC",BB거부,관망,매수3/매도1,38674.47805916332,88,110053.3515625,9723369.415559163
2025-08-12,5,0,"GC,RSI탈출,BB회귀,W패턴,STO_GC",,관망,매수5/매도0,38674.47805916332,88,111420.4765625,9843676.415559163
2025-08-13,6,0,"GC,RSI탈출,MACD,BB회귀,W패턴,STO_GC",,매도,익절+3.8%,9968368.119933931,0,111908.734375,9968368.119933931
2025-08-14,4,2,"GC,MACD,W패턴,STO_GC","BB거부,M패턴",매수,매수4/매도2,76437.50992331095,91,110541.609375,10135723.963048311
2025-08-18,3,3,"GC,MACD,STO_GC","MACD,BB거부,M패턴",매도,손절-3.4%,9608666.932944557,0,104682.515625,9608666.932944557
2025-08-19,3,3,"GC,MACD,BB회귀","DC,MACD,M패턴",관망,매수3/매도3,9608666.932944557,0,106830.8515625,9608666.932944557
2025-08-20,3,3,"GC,MACD,BB회귀","DC,MACD,M패턴",관망,매수3/매도3,9608666.932944557,0,106928.5,9608666.932944557
2025-08-21,3,3,"GC,MACD,BB회귀","DC,MACD,M패턴",관망,매수3/매도3,9608666.932944557,0,107123.796875,9608666.932944557
2025-08-22,2,4,"GC,MACD","DC,MACD,BB거부,M패턴",관망,매수2/매도4,9608666.932944557,0,105854.3359375,9608666.932944557
2025-08-25,4,3,"GC,MACD,BB회귀,STO_GC","DC,MACD,M패턴",관망,매수4/매도3,9608666.932944557,0,107709.71875,9608666.932944557
2025-08-26,2,3,"MACD,STO_GC","DC,MACD,BB거부",관망,매수2/매도3,9608666.932944557,0,105756.6796875,9608666.932944557
2025-08-27,3,2,"MACD,BB회귀,STO_GC","DC,MACD",관망,매수3/매도2,9608666.932944557,0,105951.984375,9608666.932944557
2025-08-28,2,2,"BB회귀,STO_GC","DC,MACD",관망,매수2/매도2,9608666.932944557,0,106537.8984375,9608666.932944557
2025-08-29,1,3,STO_GC,"DC,MACD,BB거부",관망,매수1/매도3,9608666.932944557,0,105659.03125,9608666.932944557
2025-09-01,1,3,STO_GC,"DC,BB거부,M패턴",관망,매수1/매도3,9608666.932944557,0,104584.8671875,9608666.932944557
2025-09-02,3,1,"지지반등,BB회귀,STO_GC",M패턴,관망,매수3/매도1,9608666.932944557,0,106244.9453125,9608666.932944557
2025-09-03,4,0,"RSI탈출,BB회귀,W패턴,STO_GC",,매수,매수4/매도0,45188.10092013143,90,107612.0625,9730273.725920131
2025-09-04,2,2,"W패턴,STO_GC","BB거부,M패턴",관망,매수2/매도2,45188.10092013143,90,105951.984375,9580866.694670131
2025-09-05,4,1,"RSI탈출,BB회귀,W패턴,STO_GC",M패턴,관망,매수4/매도1,45188.10092013143,90,106049.6328125,9589655.054045131
2025-09-08,1,2,STO_GC,"BB거부,M패턴",관망,매수1/매도2,45188.10092013143,90,104194.2578125,9422671.304045131
2025-09-09,5,0,"RSI탈출,MACD,BB회귀,W패턴,STO_GC",,관망,매수5/매도0,45188.10092013143,90,107319.109375,9703907.944670131
2025-09-10,5,0,"GC,MACD,BB회귀,W패턴,STO_GC",,매도,익절+7.5%,10305794.413699847,0,114838.2890625,10305794.413699847
2025-09-11,4,0,"GC,MACD,W패턴,STO_GC",,매수,매수4/매도0,43807.068692045286,88,114838.2890625,10149576.506192045
2025-09-12,5,1,"GC,MACD,BB회귀,W패턴,STO_GC",STO_DC,관망,매수5/매도1,43807.068692045286,88,116498.3515625,10295662.006192045
2025-09-15,5,1,"GC,MACD,BB회귀,W패턴,STO_GC",STO_DC,관망,매수5/매도1,43807.068692045286,88,116791.3125,10321442.568692045
2025-09-16,4,2,"GC,MACD,W패턴,STO_GC","BB거부,STO_DC",관망,매수4/매도2,43807.068692045286,88,115033.5859375,10166762.631192045
2025-09-17,5,1,"GC,MACD,BB회귀,W패턴,STO_GC",STO_DC,관망,매수5/매도1,43807.068692045286,88,115521.84375,10209729.318692045
2025-09-18,4,2,"GC,MACD,W패턴,STO_GC","BB거부,STO_DC",관망,매수4/매도2,43807.068692045286,88,114154.71875,10089422.318692045
2025-09-22,4,1,"GC,MACD,W패턴,STO_GC",STO_DC,관망,매수4/매도1,43807.068692045286,88,114154.71875,10089422.318692045
2025-09-23,3,2,"GC,MACD,STO_GC","BB거부,STO_DC",관망,매수3/매도2,43807.068692045286,88,112689.9453125,9960522.256192045
2025-09-24,1,3,GC,"RSI이탈,BB거부,STO_DC",매도,손절-3.8%,9896326.615089511,0,112592.296875,9896326.615089511
2025-09-25,0,2,,"BB거부,STO_DC",관망,매수0/매도2,9896326.615089511,0,111615.7734375,9896326.615089511
2025-09-26,0,4,,"RSI이탈,MACD,BB거부,STO_DC",관망,매수0/매도4,9896326.615089511,0,110053.3515625,9896326.615089511
2025-09-29,1,1,BB회귀,MACD,관망,매수1/매도1,9896326.615089511,0,112982.8984375,9896326.615089511
2025-09-30,0,2,,"MACD,BB거부",관망,매수0/매도2,9896326.615089511,0,112787.6015625,9896326.615089511
2025-10-01,2,1,"BB회귀,W패턴",MACD,관망,매수2/매도1,9896326.615089511,0,113568.8125,9896326.615089511
2025-10-02,2,1,"BB회귀,W패턴",MACD,관망,매수2/매도1,9896326.615089511,0,114545.328125,9896326.615089511
2025-10-10,0,3,,"RSI이탈,MACD,BB거부",관망,매수0/매도3,9896326.615089511,0,110151.0078125,9896326.615089511
2025-10-13,0,5,,"DC,RSI이탈,MACD,BB거부,M패턴",관망,매수0/매도5,9896326.615089511,0,108979.1875,9896326.615089511
2025-10-14,1,5,STO_GC,"DC,RSI이탈,MACD,BB거부,M패턴",관망,매수1/매도5,9896326.615089511,0,108295.625,9896326.615089511
2025-10-15,3,2,"RSI탈출,BB회귀,STO_GC","DC,MACD",관망,매수3/매도2,9896326.615089511,0,112982.8984375,9896326.615089511
2025-10-16,1,5,STO_GC,"DC,RSI이탈,MACD,BB거부,M패턴",관망,매수1/매도5,9896326.615089511,0,111029.8671875,9896326.615089511
2025-10-17,3,1,"RSI탈출,BB회귀,STO_GC",DC,관망,매수3/매도1,9896326.615089511,0,111322.8203125,9896326.615089511
2025-10-20,4,1,"RSI탈출,BB회귀,W패턴,STO_GC",DC,매수,매수4/매도1,58894.21141191758,85,115424.1953125,9869950.812974418
2025-10-21,3,3,"GC,MACD,STO_GC","DC,BB거부,STO_DC",관망,매수3/매도3,58894.21141191758,85,113764.109375,9728843.508286918
2025-10-22,3,3,"GC,MACD,STO_GC","DC,BB거부,STO_DC",매도,손절-3.4%,9542402.897573967,0,113080.5625,9542402.897573967
2025-10-23,3,4,"GC,MACD,STO_GC","DC,MACD,BB거부,STO_DC",관망,매수3/매도4,9542402.897573967,0,112104.0390625,9542402.897573967
2025-10-24,3,5,"GC,MACD,STO_GC","DC,MACD,BB거부,M패턴,STO_DC",관망,매수3/매도5,9542402.897573967,0,111127.515625,9542402.897573967
2025-10-27,6,2,"GC,RSI탈출,MACD,BB회귀,W패턴,STO_GC","MACD,STO_DC",매수,매수6/매도2,17599.87552996166,84,115228.8828125,9696826.031779962
2025-10-28,2,3,"GC,MACD","MACD,BB거부,STO_DC",관망,매수2/매도3,17599.87552996166,84,113666.4609375,9565582.594279962
2025-10-29,2,5,"GC,MACD","저항거부,MACD,BB거부,M패턴,STO_DC",매도,"매도신호5개(저항거부,MACD,BB거부,M패턴,STO_DC)",9405908.684487766,0,113275.859375,9405908.684487766
2025-10-30,2,5,"GC,MACD","저항거부,MACD,BB거부,M패턴,STO_DC",관망,매수2/매도5,9405908.684487766,0,113080.5625,9405908.684487766
2025-10-31,3,2,"GC,MACD,BB회귀","MACD,STO_DC",관망,매수3/매도2,9405908.684487766,0,113861.765625,9405908.684487766
2025-11-03,4,2,"GC,MACD,BB회귀,W패턴","MACD,STO_DC",매수,매수4/매도2,39324.5238640476,81,115228.8828125,9372864.031676548
2025-11-04,3,1,"MACD,BB회귀,W패턴",MACD,매도,익절+5.2%,9873720.243676776,0,119037.3046875,9873720.243676776
2025-11-05,2,3,"MACD,W패턴","저항거부,MACD,BB거부",관망,매수2/매도3,9873720.243676776,0,118744.34375,9873720.243676776
2025-11-06,3,0,"MACD,BB회귀,W패턴",,관망,매수3/매도0,9873720.243676776,0,122357.453125,9873720.243676776
2025-11-07,2,3,"MACD,W패턴","저항거부,BB거부,STO_DC",관망,매수2/매도3,9873720.243676776,0,120795.03125,9873720.243676776
2025-11-10,2,1,"BB회귀,W패턴",STO_DC,관망,매수2/매도1,9873720.243676776,0,125970.5625,9873720.243676776
2025-11-11,2,1,"BB회귀,W패턴",STO_DC,관망,매수2/매도1,9873720.243676776,0,127630.640625,9873720.243676776
2025-11-12,2,1,"BB회귀,W패턴",STO_DC,관망,매수2/매도1,9873720.243676776,0,131536.703125,9873720.243676776
2025-11-13,1,2,W패턴,"저항거부,STO_DC",관망,매수1/매도2,9873720.243676776,0,131271.203125,9873720.243676776
2025-11-14,1,2,W패턴,"BB거부,STO_DC",관망,매수1/매도2,9873720.243676776,0,127337.9921875,9873720.243676776
2025-11-17,1,2,W패턴,"BB거부,STO_DC",관망,매수1/매도2,9873720.243676776,0,124683.0703125,9873720.243676776
2025-11-18,1,3,W패턴,"RSI이탈,BB거부,STO_DC",관망,매수1/매도3,9873720.243676776,0,120454.8671875,9873720.243676776
2025-11-19,1,4,W패턴,"RSI이탈,MACD,BB거부,STO_DC",관망,매수1/매도4,9873720.243676776,0,120159.8671875,9873720.243676776
2025-11-20,1,4,W패턴,"RSI이탈,MACD,BB거부,STO_DC",관망,매수1/매도4,9873720.243676776,0,119176.5625,9873720.243676776
2025-11-21,0,5,,"DC,RSI이탈,MACD,BB거부,STO_DC",관망,매수0/매도5,9873720.243676776,0,118488.25,9873720.243676776
2025-11-24,0,5,,"DC,RSI이탈,MACD,BB거부,STO_DC",관망,매수0/매도5,9873720.243676776,0,118291.5859375,9873720.243676776
2025-11-25,2,3,"BB회귀,STO_GC","DC,MACD,STO_DC",관망,매수2/매도3,9873720.243676776,0,119668.21875,9873720.243676776
2025-11-26,3,3,"BB회귀,W패턴,STO_GC","DC,MACD,STO_DC",관망,매수3/매도3,9873720.243676776,0,122618.1328125,9873720.243676776
2025-11-27,2,4,"W패턴,STO_GC","DC,RSI이탈,MACD,BB거부",관망,매수2/매도4,9873720.243676776,0,121634.828125,9873720.243676776
2025-11-28,3,2,"BB회귀,W패턴,STO_GC","DC,MACD",관망,매수3/매도2,9873720.243676776,0,122716.4609375,9873720.243676776
2025-12-01,3,2,"BB회귀,W패턴,STO_GC","DC,MACD",관망,매수3/매도2,9873720.243676776,0,124191.421875,9873720.243676776
2025-12-02,5,2,"GC,MACD,BB회귀,W패턴,STO_GC","DC,MACD",매수,매수5/매도2,78533.60346535593,75,129796.2578125,9813252.939402856
2025-12-03,4,2,"GC,MACD,W패턴,STO_GC","DC,BB거부",관망,매수4/매도2,78533.60346535593,75,129501.265625,9791128.525340356
2025-12-04,4,3,"GC,MACD,W패턴,STO_GC","DC,BB거부,STO_DC",관망,매수4/매도3,78533.60346535593,75,126649.6796875,9577259.580027856
2025-12-05,5,1,"GC,MACD,BB회귀,W패턴,STO_GC",STO_DC,관망,매수5/매도1,78533.60346535593,75,128517.9609375,9717380.673777856
2025-12-08,4,2,"GC,MACD,W패턴,STO_GC","BB거부,STO_DC",매도,손절-3.4%,9520042.959571963,0,125764.7109375,9520042.959571963
2025-12-09,3,3,"GC,MACD,W패턴","MACD,BB거부,STO_DC",관망,매수3/매도3,9520042.959571963,0,123896.4296875,9520042.959571963
2025-12-10,3,4,"GC,MACD,W패턴","MACD,BB거부,M패턴,STO_DC",관망,매수3/매도4,9520042.959571963,0,122421.46875,9520042.959571963
2025-12-11,4,3,"GC,MACD,BB회귀,W패턴","MACD,M패턴,STO_DC",관망,매수4/매도3,9520042.959571963,0,122716.4609375,9520042.959571963
2025-12-12,3,3,"GC,MACD,BB회귀","MACD,M패턴,STO_DC",관망,매수3/매도3,9520042.959571963,0,123994.7578125,9520042.959571963
2025-12-15,2,5,"GC,MACD","DC,MACD,BB거부,M패턴,STO_DC",관망,매수2/매도5,9520042.959571963,0,122814.796875,9520042.959571963
2025-12-16,0,5,,"DC,MACD,BB거부,M패턴,STO_DC",관망,매수0/매도5,9520042.959571963,0,121634.828125,9520042.959571963
2025-12-17,3,4,"BB회귀,STO_GC,피보나치","DC,MACD,M패턴,STO_DC",관망,매수3/매도4,9520042.959571963,0,122224.8046875,9520042.959571963
2025-12-18,1,5,STO_GC,"DC,MACD,BB거부,M패턴,STO_DC",관망,매수1/매도5,9520042.959571963,0,121929.8125,9520042.959571963
2025-12-19,3,4,"BB회귀,W패턴,STO_GC","DC,MACD,M패턴,STO_DC",관망,매수3/매도4,9520042.959571963,0,123109.7890625,9520042.959571963
2025-12-22,3,2,"BB회귀,W패턴,STO_GC","DC,MACD",관망,매수3/매도2,9520042.959571963,0,124388.0859375,9520042.959571963
2025-12-23,2,3,"W패턴,STO_GC","DC,BB거부,M패턴",관망,매수2/매도3,9520042.959571963,0,123896.4296875,9520042.959571963
2025-12-24,4,2,"RSI탈출,BB회귀,W패턴,STO_GC","DC,M패턴",매수,매수4/매도2,102502.33107090928,76,123994.7578125,9526103.92482091
2025-12-26,2,3,"W패턴,STO_GC","DC,BB거부,M패턴",관망,매수2/매도3,102502.33107090928,76,122519.796875,9414006.89357091
2025-12-29,4,1,"RSI탈출,BB회귀,W패턴,STO_GC",DC,관망,매수4/매도1,102502.33107090928,76,123503.1015625,9488738.04982091
2025-12-30,2,2,"W패턴,STO_GC","BB거부,M패턴",관망,매수2/매도2,102502.33107090928,76,122618.1328125,9421480.42482091
2026-01-02,1,2,STO_GC,"BB거부,M패턴",관망,매수1/매도2,102502.33107090928,76,121241.5078125,9316856.92482091
2026-01-05,4,0,"RSI탈출,BB회귀,W패턴,STO_GC",,관망,매수4/매도0,102502.33107090928,76,124683.0703125,9578415.67482091
2026-01-06,2,1,"W패턴,STO_GC",BB거부,관망,매수2/매도1,102502.33107090928,76,124289.75,9548523.33107091
2026-01-07,1,3,STO_GC,"BB거부,M패턴,STO_DC",관망,매수1/매도3,102502.33107090928,76,122618.1328125,9421480.42482091
2026-01-08,1,3,STO_GC,"BB거부,M패턴,STO_DC",관망,매수1/매도3,102502.33107090928,76,121438.1640625,9331802.79982091
2026-01-09,5,1,"GC,RSI탈출,BB회귀,W패턴,STO_GC",STO_DC,관망,매수5/매도1,102502.33107090928,76,124486.4140625,9563469.79982091
2026-01-12,3,2,"GC,W패턴,STO_GC","BB거부,STO_DC",관망,매수3/매도2,102502.33107090928,76,123404.7734375,9481265.11232091
2026-01-13,5,1,"GC,MACD,BB회귀,W패턴,STO_GC",STO_DC,관망,매수5/매도1,102502.33107090928,76,126354.6875,9705458.58107091
2026-01-14,4,1,"GC,MACD,BB회귀,W패턴",STO_DC,매도,익절+3.3%,9804125.118450597,0,126748.015625,9804125.118450597
2026-01-15,4,1,"GC,MACD,BB회귀,W패턴",STO_DC,매수,매수4/매도1,104825.430150209,75,127927.9765625,9699423.672337709
2026-01-16,4,1,"GC,MACD,BB회귀,W패턴",STO_DC,관망,매수4/매도1,104825.430150209,75,128714.6171875,9758421.719212709
2026-01-19,3,2,"GC,MACD,W패턴","BB거부,STO_DC",관망,매수3/매도2,104825.430150209,75,127337.9921875,9655174.844212709
2026-01-20,4,1,"GC,MACD,BB회귀,W패턴",STO_DC,관망,매수4/매도1,104825.430150209,75,130877.8828125,9920666.641087709
2026-01-21,4,1,"GC,MACD,BB회귀,W패턴",STO_DC,매도,익절+4.0%,10171844.309177214,0,134516.125,10171844.309177214
2026-01-22,3,3,"GC,MACD,W패턴","저항거부,BB거부,STO_DC",관망,매수3/매도3,10171844.309177214,0,132451.1875,10171844.309177214
2026-01-23,3,1,"MACD,BB회귀,W패턴",STO_DC,관망,매수3/매도1,10171844.309177214,0,133336.140625,10171844.309177214
2026-01-26,2,3,"MACD,W패턴","저항거부,BB거부,STO_DC",관망,매수2/매도3,10171844.309177214,0,133237.828125,10171844.309177214
2026-01-27,2,1,"BB회귀,W패턴",STO_DC,관망,매수2/매도1,10171844.309177214,0,140612.609375,10171844.309177214
2026-01-28,1,3,W패턴,"저항거부,BB거부,STO_DC",관망,매수1/매도3,10171844.309177214,0,135597.765625,10171844.309177214
2026-01-29,1,2,W패턴,"BB거부,STO_DC",관망,매수1/매도2,10171844.309177214,0,135499.4375,10171844.309177214
2026-01-30,1,3,W패턴,"BB거부,M패턴,STO_DC",관망,매수1/매도3,10171844.309177214,0,132942.84375,10171844.309177214
2026-02-02,0,5,,"저항거부,RSI이탈,BB거부,M패턴,STO_DC",관망,매수0/매도5,10171844.309177214,0,131467.875,10171844.309177214
2026-02-03,1,1,BB회귀,STO_DC,관망,매수1/매도1,10171844.309177214,0,136482.71875,10171844.309177214
2026-02-04,2,1,"BB회귀,W패턴",STO_DC,관망,매수2/매도1,10171844.309177214,0,139727.640625,10171844.309177214
2026-02-05,1,4,W패턴,"저항거부,RSI이탈,BB거부,STO_DC",관망,매수1/매도4,10171844.309177214,0,137171.046875,10171844.309177214
2026-02-06,2,1,"BB회귀,W패턴",STO_DC,관망,매수2/매도1,10171844.309177214,0,146807.421875,10171844.309177214
2026-02-09,2,1,"BB회귀,W패턴",STO_DC,관망,매수2/매도1,10171844.309177214,0,148872.375,10171844.309177214
2026-02-10,2,1,"BB회귀,W패턴",STO_DC,관망,매수2/매도1,10171844.309177214,0,152903.921875,10171844.309177214
2026-02-11,3,1,"BB회귀,거래량돌파,W패턴",STO_DC,관망,매수3/매도1,10171844.309177214,0,161753.671875,10171844.309177214
2026-02-12,3,1,"BB회귀,거래량돌파,W패턴",STO_DC,관망,매수3/매도1,10171844.309177214,0,165686.875,10171844.309177214
2026-02-13,1,2,W패턴,"저항거부,STO_DC",관망,매수1/매도2,10171844.309177214,0,165096.90625,10171844.309177214
2026-02-19,1,3,W패턴,"저항거부,BB거부,STO_DC",관망,매수1/매도3,10171844.309177214,0,163720.28125,10171844.309177214
2026-02-20,2,1,"BB회귀,W패턴",STO_DC,관망,매수2/매도1,10171844.309177214,0,165981.875,10171844.309177214
2026-02-23,1,3,W패턴,"저항거부,BB거부,STO_DC",관망,매수1/매도3,10171844.309177214,0,165883.546875,10171844.309177214
2026-02-24,1,3,W패턴,"저항거부,BB거부,STO_DC",관망,매수1/매도3,10171844.309177214,0,163916.9375,10171844.309177214
2026-02-25,2,1,"BB회귀,W패턴",STO_DC,관망,매수2/매도1,10171844.309177214,0,164900.25,10171844.309177214
2026-02-26,0,4,,"저항거부,BB거부,M패턴,STO_DC",관망,매수0/매도4,10171844.309177214,0,164110.96875,10171844.309177214
2026-02-27,0,4,,"MACD,BB거부,M패턴,STO_DC",관망,매수0/매도4,10171844.309177214,0,157856.28125,10171844.309177214
2026-03-03,0,4,,"MACD,BB거부,M패턴,STO_DC",관망,매수0/매도4,10171844.309177214,0,152395.84375,10171844.309177214
2026-03-04,0,5,,"RSI이탈,MACD,BB거부,M패턴,STO_DC",관망,매수0/매도5,10171844.309177214,0,136709.5,10171844.309177214
2026-03-05,2,4,"BB회귀,STO_GC","DC,MACD,M패턴,STO_DC",관망,매수2/매도4,10171844.309177214,0,147928.21875,10171844.309177214
2026-03-06,1,6,STO_GC,"DC,RSI이탈,MACD,BB거부,M패턴,STO_DC",관망,매수1/매도6,10171844.309177214,0,146339.71875,10171844.309177214
2026-03-09,1,6,STO_GC,"DC,RSI이탈,MACD,BB거부,M패턴,STO_DC",관망,매수1/매도6,10171844.309177214,0,141574.25,10171844.309177214
2026-03-10,2,3,"BB회귀,STO_GC","DC,MACD,M패턴",관망,매수2/매도3,10171844.309177214,0,146339.71875,10171844.309177214
2026-03-11,3,3,"BB회귀,W패턴,STO_GC","DC,MACD,M패턴",관망,매수3/매도3,10171844.309177214,0,150211.671875,10171844.309177214
2026-03-12,1,5,STO_GC,"DC,RSI이탈,MACD,BB거부,M패턴",관망,매수1/매도5,10171844.309177214,0,148126.765625,10171844.309177214
2026-03-13,1,4,STO_GC,"DC,RSI이탈,MACD,BB거부",관망,매수1/매도4,10171844.309177214,0,147828.9375,10171844.309177214
2026-03-16,2,1,"BB회귀,STO_GC",DC,관망,매수2/매도1,10171844.309177214,0,148226.046875,10171844.309177214
2026-03-17,2,1,"BB회귀,STO_GC",DC,관망,매수2/매도1,10171844.309177214,0,149615.984375,10171844.309177214
2026-03-18,3,1,"RSI탈출,BB회귀,STO_GC",DC,관망,매수3/매도1,10171844.309177214,0,153587.203125,10171844.309177214
2026-03-19,2,0,"RSI탈출,BB회귀",,관망,매수2/매도0,10171844.309177214,0,154580.015625,10171844.309177214
2026-03-20,0,1,,BB거부,관망,매수0/매도1,10171844.309177214,0,154083.609375,10171844.309177214
2026-03-23,0,3,,"BB거부,M패턴,STO_DC",관망,매수0/매도3,10171844.309177214,0,144254.828125,10171844.309177214
2026-03-24,2,1,"RSI탈출,BB회귀",STO_DC,관망,매수2/매도1,10171844.309177214,0,145843.3125,10171844.309177214
2026-03-25,2,1,"RSI탈출,BB회귀",STO_DC,관망,매수2/매도1,10171844.309177214,0,148325.328125,10171844.309177214
2026-03-26,2,1,"RSI탈출,BB회귀",STO_DC,관망,매수2/매도1,10171844.309177214,0,151105.1875,10171844.309177214
2026-03-27,0,1,,STO_DC,관망,매수0/매도1,10171844.309177214,0,151105.1875,10171844.309177214
2026-03-30,1,3,GC,"BB거부,M패턴,STO_DC",관망,매수1/매도3,10171844.309177214,0,144850.515625,10171844.309177214
2026-03-31,1,4,GC,"DC,BB거부,M패턴,STO_DC",관망,매수1/매도4,10171844.309177214,0,140879.28125,10171844.309177214
2026-04-01,3,2,"GC,BB회귀,STO_GC","DC,STO_DC",관망,매수3/매도2,10171844.309177214,0,147233.25,10171844.309177214
2026-04-02,2,4,"GC,STO_GC","DC,BB거부,M패턴,STO_DC",관망,매수2/매도4,10171844.309177214,0,145446.1875,10171844.309177214
2026-04-03,2,4,"GC,STO_GC","DC,BB거부,M패턴,STO_DC",관망,매수2/매도4,10171844.309177214,0,144453.390625,10171844.309177214
2026-04-06,3,1,"GC,BB회귀,STO_GC",DC,관망,매수3/매도1,10171844.309177214,0,146836.125,10171844.309177214
2026-04-07,2,2,"GC,STO_GC","DC,BB거부",관망,매수2/매도2,10171844.309177214,0,145644.75,10171844.309177214
2026-04-08,5,1,"GC,MACD,BB회귀,W패턴,STO_GC",DC,매수,매수5/매도1,155502.51117590442,62,154877.859375,9757929.792425904
2026-04-09,4,2,"GC,MACD,W패턴,STO_GC","DC,BB거부",매도,손절-4.1%,9737284.421718074,0,153090.8125,9737284.421718074
2026-04-10,5,1,"GC,MACD,BB회귀,W패턴,STO_GC",DC,매수,매수5/매도1,84165.96038349532,62,157161.3125,9828167.335383495
2026-04-13,4,2,"GC,MACD,W패턴,STO_GC","DC,BB거부",관망,매수4/매도2,84165.96038349532,62,155473.546875,9723525.866633495
2026-04-14,4,1,"GC,MACD,W패턴,STO_GC",BB거부,관망,매수4/매도1,84165.96038349532,62,154778.578125,9680437.804133495
2026-04-15,5,0,"GC,MACD,BB회귀,W패턴,STO_GC",,관망,매수5/매도0,84165.96038349532,62,157062.03125,9822011.897883495
2026-04-16,5,0,"GC,MACD,BB회귀,W패턴,STO_GC",,매도,익절+4.0%,10095900.075315747,0,161132.546875,10095900.075315747
2026-04-17,4,0,"GC,MACD,W패턴,STO_GC",,매수,매수4/매도0,10945.594339953735,61,161132.546875,9840030.953714954
2026-04-20,3,3,"GC,MACD,W패턴","저항거부,BB거부,STO_DC",매도,손절-3.2%,9752423.649669925,0,159742.609375,9752423.649669925
2026-04-21,3,2,"GC,MACD,W패턴","BB거부,STO_DC",관망,매수3/매도2,9752423.649669925,0,159246.203125,9752423.649669925
2026-04-22,2,3,"GC,W패턴","BB거부,M패턴,STO_DC",관망,매수2/매도3,9752423.649669925,0,156267.796875,9752423.649669925
2026-04-23,2,2,"BB회귀,W패턴","M패턴,STO_DC",관망,매수2/매도2,9752423.649669925,0,156863.46875,9752423.649669925
2026-04-24,1,3,W패턴,"BB거부,M패턴,STO_DC",관망,매수1/매도3,9752423.649669925,0,156267.796875,9752423.649669925
2026-04-27,0,3,,"MACD,M패턴,STO_DC",관망,매수0/매도3,9752423.649669925,0,156267.796875,9752423.649669925
2026-04-28,1,2,BB회귀,"MACD,STO_DC",관망,매수1/매도2,9752423.649669925,0,157657.71875,9752423.649669925
2026-04-29,2,2,"MACD,BB회귀","MACD,STO_DC",관망,매수2/매도2,9752423.649669925,0,159444.765625,9752423.649669925
2026-04-30,1,4,MACD,"RSI이탈,MACD,BB거부,STO_DC",관망,매수1/매도4,9752423.649669925,0,159345.484375,9752423.649669925
2026-05-04,1,5,MACD,"RSI이탈,MACD,BB거부,M패턴,STO_DC",관망,매수1/매도5,9752423.649669925,0,156664.90625,9752423.649669925
2026-05-06,2,1,"MACD,BB회귀",MACD,관망,매수2/매도1,9752423.649669925,0,157757.0,9752423.649669925
2026-05-07,3,1,"MACD,BB회귀,W패턴",MACD,관망,매수3/매도1,9752423.649669925,0,161200.0,9752423.649669925
2026-05-08,3,1,"MACD,BB회귀,W패턴",MACD,관망,매수3/매도1,9752423.649669925,0,161700.0,9752423.649669925
2026-05-11,1,3,MACD,"RSI이탈,MACD,BB거부",관망,매수1/매도3,9752423.649669925,0,158800.0,9752423.649669925
2026-05-12,1,4,MACD,"RSI이탈,MACD,BB거부,M패턴",관망,매수1/매도4,9752423.649669925,0,153600.0,9752423.649669925
2026-05-13,1,4,MACD,"DC,MACD,BB거부,M패턴",관망,매수1/매도4,9752423.649669925,0,152000.0,9752423.649669925
2026-05-14,3,3,"MACD,BB회귀,STO_GC","DC,MACD,M패턴",관망,매수3/매도3,9752423.649669925,0,156000.0,9752423.649669925
2026-05-15,2,4,"MACD,STO_GC","DC,MACD,BB거부,M패턴",관망,매수2/매도4,9752423.649669925,0,155600.0,9752423.649669925
2026-05-18,2,4,"MACD,STO_GC","DC,MACD,BB거부,M패턴",관망,매수2/매도4,9752423.649669925,0,153000.0,9752423.649669925
2026-05-19,2,4,"MACD,STO_GC","DC,MACD,BB거부,M패턴",관망,매수2/매도4,9752423.649669925,0,152800.0,9752423.649669925
2026-05-20,2,4,"MACD,STO_GC","DC,MACD,BB거부,M패턴",관망,매수2/매도4,9752423.649669925,0,151700.0,9752423.649669925
2026-05-21,3,2,"MACD,BB회귀,STO_GC","DC,MACD",관망,매수3/매도2,9752423.649669925,0,155800.0,9752423.649669925
2026-05-22,3,2,"BB회귀,W패턴,STO_GC","DC,MACD",관망,매수3/매도2,9752423.649669925,0,160000.0,9752423.649669925
2026-05-26,2,3,"W패턴,STO_GC","DC,저항거부,BB거부",관망,매수2/매도3,9752423.649669925,0,157300.0,9752423.649669925
2026-05-27,2,2,"W패턴,STO_GC","DC,BB거부",관망,매수2/매도2,9752423.649669925,0,153800.0,9752423.649669925
2026-05-28,1,2,STO_GC,"BB거부,M패턴",관망,매수1/매도2,9752423.649669925,0,149700.0,9752423.649669925
2026-05-29,2,1,"BB회귀,STO_GC",M패턴,관망,매수2/매도1,9752423.649669925,0,150600.0,9752423.649669925
2026-06-01,3,1,"RSI탈출,BB회귀,STO_GC",M패턴,관망,매수3/매도1,9752423.649669925,0,152100.0,9752423.649669925
2026-06-02,3,0,"RSI탈출,BB회귀,STO_GC",,관망,매수3/매도0,9752423.649669925,0,156600.0,9752423.649669925
2026-06-04,5,0,"RSI탈출,MACD,BB회귀,W패턴,STO_GC",,매수,매수5/매도0,146983.04966992512,56,164200.0,9342183.049669925
2026-06-05,6,0,"GC,RSI탈출,MACD,BB회귀,W패턴,STO_GC",,관망,매수6/매도0,146983.04966992512,56,171600.0,9756583.049669925
2026-06-08,3,4,"GC,MACD,STO_GC","RSI이탈,BB거부,M패턴,STO_DC",매도,손절-8.3%,8931256.169669926,0,151500.0,8931256.169669926
2026-06-09,5,1,"GC,RSI탈출,MACD,BB회귀,STO_GC",STO_DC,매수,매수5/매도1,67526.8096699249,58,154800.0,9045926.809669925
2026-06-10,3,4,"GC,MACD,STO_GC","RSI이탈,MACD,BB거부,STO_DC",매도,"매도신호4개(RSI이탈,MACD,BB거부,STO_DC)",8968747.949669925,0,154000.0,8968747.949669925
2026-06-11,3,4,"GC,MACD,STO_GC","RSI이탈,MACD,BB거부,STO_DC",관망,매수3/매도4,8968747.949669925,0,151500.0,8968747.949669925
2026-06-12,4,3,"GC,MACD,BB회귀,STO_GC","DC,MACD,STO_DC",관망,매수4/매도3,8968747.949669925,0,161200.0,8968747.949669925
2026-06-15,5,3,"GC,MACD,BB회귀,W패턴,STO_GC","DC,MACD,STO_DC",관망,매수5/매도3,8968747.949669925,0,169600.0,8968747.949669925
2026-06-16,5,3,"GC,MACD,BB회귀,W패턴,STO_GC","DC,MACD,STO_DC",관망,매수5/매도3,8968747.949669925,0,172000.0,8968747.949669925
2026-06-17,3,5,"GC,MACD,STO_GC","DC,RSI이탈,MACD,BB거부,STO_DC",관망,매수3/매도5,8968747.949669925,0,164000.0,8968747.949669925
2026-06-18,3,5,"GC,MACD,STO_GC","DC,RSI이탈,MACD,BB거부,STO_DC",관망,매수3/매도5,8968747.949669925,0,163100.0,8968747.949669925
2026-06-19,3,4,"GC,MACD,STO_GC","DC,MACD,BB거부,STO_DC",관망,매수3/매도4,8968747.949669925,0,158300.0,8968747.949669925
2026-06-22,3,3,"GC,MACD,STO_GC","DC,MACD,BB거부",관망,매수3/매도3,8968747.949669925,0,157000.0,8968747.949669925
2026-06-23,3,3,"GC,MACD,STO_GC","DC,MACD,BB거부",관망,매수3/매도3,8968747.949669925,0,153700.0,8968747.949669925
2026-06-24,3,3,"GC,MACD,STO_GC","DC,MACD,BB거부",관망,매수3/매도3,8968747.949669925,0,151800.0,8968747.949669925
2026-06-25,5,2,"GC,MACD,BB회귀,STO_GC,피보나치","DC,MACD",매수,매수5/매도2,40708.94466992468,59,151900.0,9002808.944669925
2026-06-26,1,4,GC,"DC,MACD,BB거부,M패턴",매도,"매도신호4개(DC,MACD,BB거부,M패턴)",8836357.554669924,0,149300.0,8836357.554669924
2026-06-29,3,2,"BB회귀,STO_GC,피보나치","DC,MACD",관망,매수3/매도2,8836357.554669924,0,153700.0,8836357.554669924
2026-06-30,3,2,"BB회귀,W패턴,STO_GC","DC,MACD",관망,매수3/매도2,8836357.554669924,0,159000.0,8836357.554669924
2026-07-01,2,3,"W패턴,STO_GC","DC,MACD,BB거부",관망,매수2/매도3,8836357.554669924,0,158500.0,8836357.554669924
2026-07-02,4,2,"MACD,BB회귀,W패턴,STO_GC","DC,MACD",매수,매수4/매도2,79444.21466992237,53,165000.0,8824444.214669922
2026-07-03,5,2,"GC,MACD,BB회귀,W패턴,STO_GC","DC,MACD",매도,익절+3.0%,9080649.924669923,0,170100.0,9080649.924669923
