date,side,tic,name,qty,price,buy_hit,sell_hit,signals,reason,pnl_pct,hold_days
2025-06-25,BUY,207940,삼성바이오로직스,6,1537536.0,7.0,3.0,"지지반등,RSI탈출,BB회귀,W패턴,200일선,STO_GC,피보나치",매수7개 1위,,
2025-07-03,SELL,207940,삼성바이오로직스,6,1583662.08,,,,익절+3%,3.0000000000000027,6.0
2025-07-03,BUY,207940,삼성바이오로직스,6,1560599.0,7.0,1.0,"지지반등,RSI탈출,MACD,BB회귀,W패턴,200일선,STO_GC",매수7개 1위,,
2025-07-04,SELL,207940,삼성바이오로직스,6,1619025.375,,,,익절(갭)+3.7%,3.743842909036843,1.0
2025-07-04,BUY,207940,삼성바이오로직스,6,1619025.375,7.0,0.0,"RSI탈출,MACD,BB회귀,W패턴,200일선,STO_GC,피보나치",매수7개 1위,,
2025-07-08,SELL,207940,삼성바이오로직스,6,1570454.61375,,,,손절-3%,-3.0000000000000027,2.0
2025-07-08,BUY,068270,셀트리온,60,168817.4700825024,5.0,3.0,"GC,MACD,BB회귀,W패턴,STO_GC",매수5개 1위,,
2025-07-21,SELL,068270,셀트리온,60,177637.69989390037,,,,익절(갭)+5.2%,5.22471389192567,9.0
2025-07-22,BUY,010130,고려아연,13,810214.7586930456,5.0,2.0,"MACD,BB회귀,W패턴,STO_GC,피보나치",매수5개 1위,,
2025-07-29,SELL,010130,고려아연,13,785908.3159322542,,,,손절-3%,-3.0000000000000027,5.0
2025-07-29,BUY,005380,현대차,49,211263.46186926606,5.0,1.0,"GC,MACD,BB회귀,W패턴,STO_GC",매수5개 1위,,
2025-07-30,SELL,005380,현대차,49,217601.36572534405,,,,익절+3%,3.0000000000000027,1.0
2025-07-30,BUY,000270,기아,106,100584.41533627718,5.0,1.0,"GC,MACD,BB회귀,W패턴,STO_GC",매수5개 1위,,
2025-07-31,SELL,000270,기아,106,107960.60799272973,,,,익절(갭)+7.3%,7.3333355190187355,1.0
2025-07-31,BUY,009150,삼성전기,77,148936.26376513112,6.0,1.0,"GC,RSI탈출,MACD,BB회귀,W패턴,STO_GC",매수6개 1위,,
2025-08-01,SELL,009150,삼성전기,77,144468.1758521772,,,,손절-3%,-2.9999999999999916,1.0
2025-08-01,BUY,035720,카카오,194,57119.961064189185,4.0,0.0,"RSI탈출,BB회귀,W패턴,STO_GC",매수4개 1위,,
2025-08-04,SELL,035720,카카오,194,54923.04017655686,,,,손절(갭)-3.8%,-3.8461526350893505,1.0
2025-08-04,BUY,009150,삼성전기,74,142197.9648515469,4.0,4.0,"GC,MACD,W패턴,STO_GC",매수4개 1위,,
2025-08-05,SELL,009150,삼성전기,74,153890.9105852601,,,,익절(갭)+8.2%,8.223004981766469,1.0
2025-08-05,BUY,009150,삼성전기,74,153890.9105852601,6.0,2.0,"GC,RSI탈출,MACD,BB회귀,W패턴,STO_GC",매수6개 1위,,
2025-08-07,SELL,009150,삼성전기,74,159638.28072681907,,,,익절(갭)+3.7%,3.734704096363606,2.0
2025-08-07,BUY,105560,KB금융,106,111497.81569972826,5.0,1.0,"GC,RSI탈출,BB회귀,W패턴,STO_GC",매수5개 1위,,
2025-08-18,SELL,105560,KB금융,106,108152.88122873641,,,,손절-3%,-3.0000000000000027,6.0
2025-08-18,BUY,316140,우리금융지주,474,24263.97176271508,5.0,0.0,"GC,RSI탈출,BB회귀,W패턴,STO_GC",매수5개 1위,,
2025-08-20,SELL,316140,우리금융지주,474,23536.052609833627,,,,손절-3%,-3.0000000000000027,2.0
2025-08-20,BUY,005380,현대차,52,212234.78500566893,6.0,1.0,"GC,RSI탈출,MACD,BB회귀,W패턴,STO_GC",매수6개 1위,,
2025-08-28,SELL,005380,현대차,52,218601.82855583902,,,,익절+3%,3.0000000000000027,6.0
2025-08-28,BUY,017670,SK텔레콤,209,54545.31783640711,6.0,2.0,"GC,RSI탈출,BB회귀,W패턴,200일선,STO_GC",매수6개 1위,,
2025-10-30,SELL,017670,SK텔레콤,209,52908.958301314895,,,,손절-3%,-2.9999999999999916,39.0
2025-10-30,BUY,035720,카카오,163,67904.84768700787,6.0,1.0,"GC,RSI탈출,MACD,BB회귀,W패턴,STO_GC",매수6개 1위,,
2025-10-31,SELL,035720,카카오,163,64609.465965821815,,,,손절(갭)-4.9%,-4.852940303136211,1.0
2025-10-31,BUY,011200,HMM,526,19985.075824969586,6.0,0.0,"GC,MACD,BB회귀,W패턴,200일선,피보나치",매수6개 1위,,
2025-11-05,SELL,011200,HMM,526,19385.5235502205,,,,손절-3%,-2.9999999999999916,3.0
2025-11-05,BUY,017670,SK텔레콤,195,51966.81211456357,6.0,2.0,"지지반등,MACD,BB회귀,200일선,STO_GC,피보나치",매수6개 1위,,
2025-11-10,SELL,017670,SK텔레콤,195,53525.81647800047,,,,익절+3%,3.0000000000000027,3.0
2025-11-10,BUY,035720,카카오,165,63311.28499949839,4.0,1.0,"GC,MACD,BB회귀,W패턴",매수4개 1위,,
2025-11-11,SELL,035720,카카오,165,65210.623549483345,,,,익절+3%,3.0000000000000027,1.0
2025-11-11,BUY,017670,SK텔레콤,200,53553.58697532288,7.0,0.0,"RSI탈출,MACD,BB회귀,W패턴,200일선,STO_GC,피보나치",매수7개 1위,,
2026-01-19,SELL,017670,SK텔레콤,200,55160.19458458257,,,,익절+3%,3.0000000000000027,46.0
2026-01-19,BUY,010130,고려아연,6,1631043.0097064395,5.0,0.0,"GC,RSI탈출,MACD,BB회귀,STO_GC",매수5개 1위,,
2026-01-20,SELL,010130,고려아연,6,1546352.338062924,,,,손절(갭)-5.2%,-5.192424181307043,1.0
2026-01-20,BUY,373220,LG에너지솔루션,26,398000.0,7.0,0.0,"GC,RSI탈출,MACD,BB회귀,W패턴,STO_GC,피보나치",매수7개 1위,,
2026-01-22,SELL,373220,LG에너지솔루션,26,409940.0,,,,익절+3%,3.0000000000000027,2.0
2026-01-22,BUY,316140,우리금융지주,387,27856.841884128007,5.0,1.0,"GC,MACD,BB회귀,W패턴,STO_GC",매수5개 1위,,
2026-01-23,SELL,316140,우리금융지주,387,28692.547140651848,,,,익절+3%,3.0000000000000027,1.0
2026-01-23,BUY,096770,SK이노베이션,96,115000.0,7.0,1.0,"GC,RSI탈출,MACD,BB회귀,W패턴,STO_GC,피보나치",매수7개 1위,,
2026-01-27,SELL,096770,SK이노베이션,96,111550.0,,,,손절-3%,-3.0000000000000027,2.0
2026-01-27,BUY,035720,카카오,175,61314.08426698151,6.0,1.0,"GC,MACD,BB회귀,W패턴,STO_GC,피보나치",매수6개 1위,,
2026-02-02,SELL,035720,카카오,175,59474.66173897206,,,,손절-3%,-3.0000000000000027,4.0
2026-02-02,BUY,138040,메리츠금융지주,90,115100.0,6.0,1.0,"GC,MACD,BB회귀,W패턴,200일선,피보나치",매수6개 1위,,
2026-02-03,SELL,138040,메리츠금융지주,90,120000.0,,,,익절(갭)+4.3%,4.257167680278018,1.0
2026-02-03,BUY,138040,메리츠금융지주,90,120000.0,5.0,1.0,"GC,MACD,BB회귀,200일선,피보나치",매수5개 1위,,
2026-02-05,SELL,138040,메리츠금융지주,90,123600.0,,,,익절+3%,3.0000000000000027,2.0
2026-02-05,BUY,011200,HMM,561,19791.04618226601,6.0,2.0,"GC,MACD,BB회귀,W패턴,200일선,STO_GC",매수6개 1위,,
2026-02-06,SELL,011200,HMM,561,19197.31479679803,,,,손절-3%,-3.0000000000000027,1.0
2026-02-09,BUY,068270,셀트리온,50,214285.71875,5.0,2.0,"GC,RSI탈출,BB회귀,W패턴,STO_GC",매수5개 1위,,
2026-02-11,SELL,068270,셀트리온,50,220952.375,,,,익절(갭)+3.1%,3.111106185185286,2.0
2026-02-11,BUY,011200,HMM,527,20955.22468824228,7.0,2.0,"GC,MACD,BB회귀,W패턴,200일선,STO_GC,피보나치",매수7개 1위,,
2026-02-13,SELL,011200,HMM,527,20326.567947595013,,,,손절-3%,-2.9999999999999916,2.0
2026-02-13,BUY,011200,HMM,521,20518.656400240383,7.0,2.0,"GC,MACD,BB회귀,W패턴,200일선,STO_GC,피보나치",매수7개 1위,,
2026-02-19,SELL,011200,HMM,521,21973.881207840033,,,,익절(갭)+7.1%,7.092203208698411,1.0
2026-02-19,BUY,011200,HMM,520,21973.881207840033,7.0,2.0,"GC,MACD,BB회귀,W패턴,200일선,STO_GC,피보나치",매수7개 1위,,
2026-02-25,SELL,011200,HMM,520,22633.097644075235,,,,익절+3%,3.0000000000000027,4.0
2026-02-25,BUY,207940,삼성바이오로직스,6,1723000.0,7.0,1.0,"RSI탈출,MACD,BB회귀,W패턴,200일선,STO_GC,피보나치",매수7개 1위,,
2026-02-26,SELL,207940,삼성바이오로직스,6,1774690.0,,,,익절+3%,3.0000000000000027,1.0
2026-02-26,BUY,373220,LG에너지솔루션,27,431500.0,6.0,1.0,"GC,MACD,BB회귀,W패턴,STO_GC,피보나치",매수6개 1위,,
2026-02-27,SELL,373220,LG에너지솔루션,27,418555.0,,,,손절-3%,-3.0000000000000027,1.0
2026-02-27,BUY,207940,삼성바이오로직스,6,1760000.0,6.0,0.0,"GC,RSI탈출,MACD,BB회귀,W패턴,피보나치",매수6개 1위,,
2026-03-03,SELL,207940,삼성바이오로직스,6,1707200.0,,,,손절-3%,-3.0000000000000027,1.0
2026-03-03,BUY,035720,카카오,186,60814.78266792705,7.0,0.0,"GC,RSI탈출,MACD,BB회귀,W패턴,STO_GC,피보나치",매수7개 1위,,
2026-03-04,SELL,035720,카카오,186,53125.55851487779,,,,손절(갭)-12.6%,-12.643676119070403,1.0
2026-03-04,BUY,010130,고려아연,5,1843267.8193933822,4.0,2.0,"GC,MACD,W패턴,STO_GC",매수4개 1위,,
2026-03-05,SELL,010130,고려아연,5,1783486.1910176238,,,,손절(갭)-3.2%,-3.243241581434031,1.0
2026-03-06,BUY,207940,삼성바이오로직스,5,1614000.0,6.0,4.0,"GC,RSI탈출,MACD,BB회귀,200일선,STO_GC",매수6개 1위,,
2026-03-09,SELL,207940,삼성바이오로직스,5,1558000.0,,,,손절(갭)-3.5%,-3.4696406443618377,1.0
2026-03-09,BUY,035720,카카오,184,50100.0,5.0,4.0,"GC,RSI탈출,MACD,BB회귀,STO_GC",매수5개 1위,,
2026-03-10,SELL,035720,카카오,184,51800.0,,,,익절(갭)+3.4%,3.3932135728542923,1.0
2026-03-11,BUY,207940,삼성바이오로직스,5,1630000.0,6.0,4.0,"GC,RSI탈출,MACD,BB회귀,200일선,STO_GC",매수6개 1위,,
2026-03-13,SELL,207940,삼성바이오로직스,5,1581100.0,,,,손절-3%,-3.0000000000000027,2.0
2026-03-13,BUY,373220,LG에너지솔루션,25,370000.0,4.0,3.0,"BB회귀,W패턴,200일선,STO_GC",매수4개 1위,,
2026-03-18,SELL,373220,LG에너지솔루션,25,390500.0,,,,익절(갭)+5.5%,5.5405405405405395,3.0
2026-03-18,BUY,373220,LG에너지솔루션,25,390500.0,4.0,2.0,"BB회귀,W패턴,200일선,STO_GC",매수4개 1위,,
2026-03-19,SELL,373220,LG에너지솔루션,25,374500.0,,,,손절(갭)-4.1%,-4.097311139564663,1.0
2026-03-19,BUY,096770,SK이노베이션,83,111800.0,6.0,2.0,"GC,RSI탈출,BB회귀,200일선,STO_GC,피보나치",매수6개 1위,,
2026-03-20,SELL,096770,SK이노베이션,83,115154.0,,,,익절+3%,3.0000000000000027,1.0
2026-03-23,BUY,096770,SK이노베이션,86,111100.0,6.0,1.0,"GC,RSI탈출,BB회귀,200일선,STO_GC,피보나치",매수6개 1위,,
2026-03-24,SELL,096770,SK이노베이션,86,107767.0,,,,손절-3%,-3.0000000000000027,1.0
2026-03-25,BUY,373220,LG에너지솔루션,23,392000.0,5.0,0.0,"MACD,BB회귀,W패턴,200일선,STO_GC",매수5개 1위,,
2026-03-26,SELL,373220,LG에너지솔루션,23,380240.0,,,,손절-3%,-3.0000000000000027,1.0
2026-03-26,BUY,373220,LG에너지솔루션,22,392500.0,5.0,0.0,"MACD,BB회귀,W패턴,200일선,STO_GC",매수5개 1위,,
2026-03-27,SELL,373220,LG에너지솔루션,22,374000.0,,,,손절(갭)-4.7%,-4.713375796178343,1.0
2026-03-27,BUY,005490,POSCO홀딩스,25,334000.5660127737,5.0,0.0,"RSI탈출,BB회귀,W패턴,STO_GC,피보나치",매수5개 1위,,
2026-04-01,SELL,005490,POSCO홀딩스,25,344020.5829931569,,,,익절+3%,3.0000000000000027,3.0
2026-04-01,BUY,033780,KT&G,54,160300.0,5.0,0.0,"GC,RSI탈출,MACD,BB회귀,W패턴",매수5개 1위,,
2026-04-02,SELL,033780,KT&G,54,155491.0,,,,손절-3%,-3.0000000000000027,1.0
2026-04-02,BUY,005490,POSCO홀딩스,24,348435.74505131965,7.0,2.0,"GC,RSI탈출,MACD,BB회귀,W패턴,STO_GC,피보나치",매수7개 1위,,
2026-04-03,SELL,005490,POSCO홀딩스,24,358888.8174028593,,,,익절+3%,3.0000000000000027,1.0
2026-04-03,BUY,096770,SK이노베이션,74,118200.0,5.0,0.0,"MACD,W패턴,200일선,STO_GC,피보나치",매수5개 1위,,
2026-04-06,SELL,096770,SK이노베이션,74,121746.0,,,,익절+3%,3.0000000000000027,1.0
2026-04-06,BUY,051910,LG화학,29,303500.0,6.0,1.0,"GC,RSI탈출,MACD,BB회귀,200일선,STO_GC",매수6개 1위,,
2026-04-07,SELL,051910,LG화학,29,316500.0,,,,익절(갭)+4.3%,4.283360790774293,1.0
2026-04-07,BUY,373220,LG에너지솔루션,22,408000.0,6.0,1.0,"GC,MACD,BB회귀,W패턴,STO_GC,피보나치",매수6개 1위,,
2026-04-08,SELL,373220,LG에너지솔루션,22,420240.0,,,,익절+3%,3.0000000000000027,1.0
2026-04-08,BUY,051910,LG화학,28,342000.0,6.0,1.0,"GC,MACD,BB회귀,W패턴,200일선,피보나치",매수6개 1위,,
2026-04-09,SELL,051910,LG화학,28,353500.0,,,,익절(갭)+3.4%,3.3625730994152114,1.0
2026-04-09,BUY,011200,HMM,478,20700.0,7.0,0.0,"RSI탈출,MACD,BB회귀,W패턴,200일선,STO_GC,피보나치",매수7개 1위,,
2026-04-10,SELL,011200,HMM,478,21321.0,,,,익절+3%,3.0000000000000027,1.0
2026-04-10,BUY,011200,HMM,490,20750.0,8.0,0.0,"GC,RSI탈출,MACD,BB회귀,W패턴,200일선,STO_GC,피보나치",매수8개 1위,,
2026-04-13,SELL,011200,HMM,490,21500.0,,,,익절(갭)+3.6%,3.6144578313253017,1.0
2026-04-13,BUY,011200,HMM,489,21500.0,8.0,0.0,"GC,RSI탈출,MACD,BB회귀,W패턴,200일선,STO_GC,피보나치",매수8개 1위,,
2026-04-14,SELL,011200,HMM,489,20855.0,,,,손절-3%,-3.0000000000000027,1.0
2026-04-14,BUY,010130,고려아연,6,1696802.8718162524,6.0,0.0,"GC,RSI탈출,MACD,BB회귀,W패턴,STO_GC",매수6개 1위,,
2026-04-15,SELL,010130,고려아연,6,1645898.7856617647,,,,손절-3%,-3.0000000000000027,1.0
2026-04-15,BUY,024110,기업은행,435,22650.0,6.0,0.0,"GC,MACD,BB회귀,W패턴,STO_GC,피보나치",매수6개 1위,,
2026-05-06,SELL,024110,기업은행,435,21970.5,,,,손절-3%,-3.0000000000000027,13.0
2026-05-06,BUY,011200,HMM,457,20850.0,6.0,2.0,"RSI탈출,BB회귀,W패턴,200일선,STO_GC,피보나치",매수6개 1위,,
2026-05-11,SELL,011200,HMM,457,20224.5,,,,손절-3%,-3.0000000000000027,3.0
2026-05-11,BUY,000270,기아,54,170400.0,4.0,3.0,"GC,MACD,BB회귀,W패턴",매수4개 1위,,
2026-05-12,SELL,000270,기아,54,175700.0,,,,익절(갭)+3.1%,3.1103286384976503,1.0
2026-05-12,BUY,000270,기아,54,175700.0,4.0,2.0,"GC,MACD,BB회귀,W패턴",매수4개 1위,,
2026-05-13,SELL,000270,기아,54,166500.0,,,,손절(갭)-5.2%,-5.2361980648833235,1.0
2026-05-13,BUY,068270,셀트리온,47,187619.046875,4.0,4.0,"지지반등,BB회귀,200일선,STO_GC",매수4개 1위,,
2026-05-14,SELL,068270,셀트리온,47,181333.328125,,,,손절(갭)-3.4%,-3.350256199834456,1.0
2026-05-14,BUY,017670,SK텔레콤,83,104032.79708799903,5.0,2.0,"GC,MACD,BB회귀,W패턴,STO_GC",매수5개 1위,,
2026-05-15,SELL,017670,SK텔레콤,83,100911.81317535906,,,,손절-3%,-3.0000000000000027,1.0
2026-05-15,BUY,068270,셀트리온,45,186190.46875,5.0,3.0,"지지반등,RSI탈출,BB회귀,200일선,STO_GC",매수5개 1위,,
2026-05-18,SELL,068270,셀트리온,45,179142.859375,,,,손절(갭)-3.8%,-3.7851611966576604,1.0
2026-05-18,BUY,017670,SK텔레콤,79,101355.1180659204,4.0,5.0,"GC,MACD,W패턴,STO_GC",매수4개 1위,,
2026-05-19,SELL,017670,SK텔레콤,79,98181.57329516376,,,,손절(갭)-3.1%,-3.1311144728701223,1.0
2026-05-19,BUY,011200,HMM,388,20050.0,5.0,1.0,"지지반등,BB회귀,W패턴,200일선,STO_GC",매수5개 1위,,
2026-05-20,SELL,011200,HMM,388,19448.5,,,,손절-3%,-3.0000000000000027,1.0
2026-05-20,BUY,017670,SK텔레콤,76,98776.61525229357,4.0,4.0,"GC,MACD,W패턴,STO_GC",매수4개 1위,,
2026-05-21,SELL,017670,SK텔레콤,76,101739.91370986239,,,,익절+3%,3.0000000000000027,1.0
2026-05-21,BUY,017670,SK텔레콤,76,101652.6363387646,5.0,3.0,"GC,MACD,BB회귀,W패턴,STO_GC",매수5개 1위,,
2026-05-22,SELL,017670,SK텔레콤,76,109388.15403088521,,,,익절(갭)+7.6%,7.60975609756096,1.0
2026-05-22,BUY,011200,HMM,408,20350.0,5.0,0.0,"RSI탈출,BB회귀,W패턴,200일선,STO_GC",매수5개 1위,,
2026-05-27,SELL,011200,HMM,408,19739.5,,,,손절-3%,-3.0000000000000027,2.0
2026-05-27,BUY,207940,삼성바이오로직스,5,1415000.0,4.0,0.0,"RSI탈출,MACD,BB회귀,STO_GC",매수4개 1위,,
2026-05-28,SELL,207940,삼성바이오로직스,5,1372550.0,,,,손절-3%,-3.0000000000000027,1.0
2026-05-29,BUY,006400,삼성SDI,11,680000.0,4.0,1.0,"RSI탈출,BB회귀,W패턴,STO_GC",매수4개 1위,,
2026-06-01,SELL,006400,삼성SDI,11,659600.0,,,,손절-3%,-3.0000000000000027,1.0
2026-06-01,BUY,035420,NAVER,30,251000.0,8.0,0.0,"GC,RSI탈출,MACD,BB회귀,W패턴,200일선,STO_GC,피보나치",매수8개 1위,,
2026-06-02,SELL,035420,NAVER,30,285000.0,,,,익절(갭)+13.5%,13.545816733067738,1.0
2026-06-02,BUY,035420,NAVER,30,285000.0,6.0,0.0,"GC,RSI탈출,MACD,BB회귀,W패턴,STO_GC",매수6개 1위,,
2026-06-04,SELL,035420,NAVER,30,267500.0,,,,손절(갭)-6.1%,-6.140350877192979,1.0
2026-06-04,BUY,035420,NAVER,30,267500.0,6.0,0.0,"GC,RSI탈출,MACD,BB회귀,W패턴,STO_GC",매수6개 1위,,
2026-06-05,SELL,035420,NAVER,30,254500.0,,,,손절(갭)-4.9%,-4.859813084112153,1.0
2026-06-05,BUY,011200,HMM,387,19670.0,6.0,1.0,"지지반등,RSI탈출,MACD,BB회귀,200일선,STO_GC",매수6개 1위,,
2026-06-08,SELL,011200,HMM,387,18500.0,,,,손절(갭)-5.9%,-5.948144382308085,1.0
2026-06-08,BUY,024110,기업은행,356,20050.0,7.0,0.0,"지지반등,RSI탈출,MACD,BB회귀,W패턴,200일선,STO_GC",매수7개 1위,,
2026-06-09,SELL,024110,기업은행,356,20651.5,,,,익절+3%,3.0000000000000027,1.0
2026-06-09,BUY,035420,NAVER,25,286000.0,4.0,1.0,"GC,MACD,BB회귀,W패턴",매수4개 1위,,
2026-06-10,SELL,035420,NAVER,25,245000.0,,,,손절(갭)-14.3%,-14.335664335664333,1.0
2026-06-10,BUY,024110,기업은행,308,20450.0,7.0,0.0,"지지반등,RSI탈출,MACD,BB회귀,W패턴,200일선,STO_GC",매수7개 1위,,
2026-06-12,SELL,024110,기업은행,308,21150.0,,,,익절(갭)+3.4%,3.4229828850855792,2.0
2026-06-12,BUY,024110,기업은행,307,21150.0,7.0,0.0,"GC,RSI탈출,MACD,BB회귀,W패턴,200일선,STO_GC",매수7개 1위,,
2026-06-15,SELL,024110,기업은행,307,22200.0,,,,익절(갭)+5.0%,4.964539007092195,1.0
2026-06-15,BUY,138040,메리츠금융지주,61,110100.0,7.0,0.0,"GC,RSI탈출,MACD,BB회귀,W패턴,200일선,STO_GC",매수7개 1위,,
2026-06-16,SELL,138040,메리츠금융지주,61,113403.0,,,,익절+3%,3.0000000000000027,1.0
2026-06-16,BUY,011200,HMM,332,21050.0,7.0,0.0,"RSI탈출,MACD,BB회귀,W패턴,200일선,STO_GC,피보나치",매수7개 1위,,
2026-06-17,SELL,011200,HMM,332,21900.0,,,,익절(갭)+4.0%,4.0380047505938155,1.0
2026-06-17,BUY,011200,HMM,331,21900.0,7.0,0.0,"GC,RSI탈출,MACD,BB회귀,거래량돌파,W패턴,STO_GC",매수7개 1위,,
2026-06-18,SELL,011200,HMM,331,21243.0,,,,손절-3%,-3.0000000000000027,1.0
2026-06-18,BUY,068270,셀트리온,40,173200.0,6.0,1.0,"RSI탈출,MACD,BB회귀,W패턴,200일선,STO_GC",매수6개 1위,,
2026-06-19,SELL,068270,셀트리온,40,168004.0,,,,손절-3%,-3.0000000000000027,1.0
2026-06-19,BUY,207940,삼성바이오로직스,4,1442000.0,5.0,1.0,"GC,RSI탈출,MACD,BB회귀,STO_GC",매수5개 1위,,
2026-06-22,SELL,207940,삼성바이오로직스,4,1374000.0,,,,손절(갭)-4.7%,-4.715672676837723,1.0
2026-06-22,BUY,373220,LG에너지솔루션,16,407500.0,6.0,2.0,"MACD,BB회귀,W패턴,200일선,STO_GC,피보나치",매수6개 1위,,
2026-06-23,SELL,373220,LG에너지솔루션,16,387500.0,,,,손절(갭)-4.9%,-4.907975460122705,1.0
2026-06-23,BUY,015760,한국전력,160,38500.0,5.0,1.0,"GC,MACD,BB회귀,W패턴,STO_GC",매수5개 1위,,
2026-06-24,SELL,015760,한국전력,160,36650.0,,,,손절(갭)-4.8%,-4.805194805194802,1.0
2026-06-25,BUY,207940,삼성바이오로직스,4,1383000.0,5.0,1.0,"GC,RSI탈출,MACD,BB회귀,STO_GC",매수5개 1위,,
2026-06-26,SELL,207940,삼성바이오로직스,4,1341510.0,,,,손절-3%,-3.0000000000000027,1.0
2026-06-26,BUY,000270,기아,41,138200.0,6.0,4.0,"GC,지지반등,MACD,BB회귀,200일선,STO_GC",매수6개 1위,,
2026-06-29,SELL,000270,기아,41,134054.0,,,,손절-3%,-3.0000000000000027,1.0
2026-06-30,BUY,373220,LG에너지솔루션,14,391500.0,7.0,1.0,"RSI탈출,MACD,BB회귀,W패턴,200일선,STO_GC,피보나치",매수7개 1위,,
2026-07-01,SELL,373220,LG에너지솔루션,14,366500.0,,,,손절(갭)-6.4%,-6.385696040868449,1.0
2026-07-01,BUY,034730,SK,6,842000.0,4.0,1.0,"GC,MACD,BB회귀,W패턴",매수4개 1위,,
2026-07-02,SELL,034730,SK,6,713000.0,,,,손절(갭)-15.3%,-15.320665083135388,1.0
2026-07-02,BUY,068270,셀트리온,25,174600.0,5.0,1.0,"GC,RSI탈출,MACD,BB회귀,STO_GC",매수5개 1위,,
2026-07-03,SELL,068270,셀트리온,25,183700.0,,,,익절(갭)+5.2%,5.2119129438717104,1.0
2026-07-03,BUY,068270,셀트리온,24,183700.0,6.0,1.0,"GC,RSI탈출,MACD,BB회귀,200일선,STO_GC",매수6개 1위,,
2026-07-06,SELL,068270,셀트리온,24,178189.0,,,,손절-3%,-3.0000000000000027,1.0
2026-07-06,BUY,068270,셀트리온,24,183400.0,6.0,1.0,"GC,RSI탈출,MACD,BB회귀,200일선,STO_GC",매수6개 1위,,
