date,action,detail,held,tp_pending,cash,portfolio,top_pick,month
2025-07-01,매수,메리츠금융지주,메리츠금융지주,False,5014052.22,10078452.219999999,메리츠금융지주,2025-07
2025-07-02,관망,,메리츠금융지주,False,5014052.22,10109252.219999999,메리츠금융지주,2025-07
2025-07-03,관망,,메리츠금융지주,False,5014052.22,10126852.219999999,삼성바이오로직스,2025-07
2025-07-04,관망,,메리츠금융지주,False,5014052.22,9999252.219999999,삼성바이오로직스,2025-07
2025-07-07,관망,,메리츠금융지주,False,5014052.22,10047652.219999999,셀트리온,2025-07
2025-07-08,관망,,메리츠금융지주,False,5014052.22,10091652.219999999,셀트리온,2025-07
2025-07-09,관망,,메리츠금융지주,False,5014052.22,10162052.219999999,고려아연,2025-07
2025-07-10,관망,,메리츠금융지주,False,5014052.22,10144452.219999999,삼성바이오로직스,2025-07
2025-07-11,관망,,메리츠금융지주,False,5014052.22,10219252.219999999,삼성바이오로직스,2025-07
2025-07-14,관망,,메리츠금융지주,False,5014052.22,10430452.219999999,고려아연,2025-07
2025-07-15,관망,,메리츠금융지주,False,5014052.22,10360052.219999999,HMM,2025-07
2025-07-16,관망,,메리츠금융지주,False,5014052.22,10109252.219999999,HMM,2025-07
2025-07-17,관망,,메리츠금융지주,False,5014052.22,10157652.219999999,삼성바이오로직스,2025-07
2025-07-18,관망,,메리츠금융지주,False,5014052.22,10126852.219999999,삼성바이오로직스,2025-07
2025-07-21,관망,,메리츠금융지주,False,5014052.22,10258852.219999999,LG에너지솔루션,2025-07
2025-07-22,관망,,메리츠금융지주,False,5014052.22,10166452.219999999,고려아연,2025-07
2025-07-23,관망,,메리츠금융지주,False,5014052.22,10153252.219999999,SK텔레콤,2025-07
2025-07-24,관망,,메리츠금융지주,False,5014052.22,10118052.219999999,기아,2025-07
2025-07-25,관망,,메리츠금융지주,False,5014052.22,10109252.219999999,삼성SDI,2025-07
2025-07-28,관망,,메리츠금융지주,False,5014052.22,10109252.219999999,한국전력,2025-07
2025-07-29,관망,,메리츠금융지주,False,5014052.22,10162052.219999999,현대차,2025-07
2025-07-30,관망,,메리츠금융지주,False,5014052.22,10148852.219999999,기아,2025-07
2025-07-31,관망,,메리츠금융지주,False,5014052.22,10109252.219999999,삼성전기,2025-07
2025-08-01,관망,,메리츠금융지주,False,5014052.22,9924452.219999999,카카오,2025-08
2025-08-04,관망,,메리츠금융지주,False,5014052.22,9977252.219999999,삼성전기,2025-08
2025-08-05,관망,,메리츠금융지주,False,5014052.22,10008052.219999999,삼성전기,2025-08
2025-08-06,관망,,메리츠금융지주,False,5014052.22,10056452.219999999,삼성전기,2025-08
2025-08-07,관망,,메리츠금융지주,False,5014052.22,10030052.219999999,KB금융,2025-08
2025-08-08,관망,,메리츠금융지주,False,5014052.22,9990452.219999999,카카오,2025-08
2025-08-11,관망,,메리츠금융지주,False,5014052.22,9924452.219999999,카카오,2025-08
2025-08-12,관망,,메리츠금융지주,False,5014052.22,9924452.219999999,카카오,2025-08
2025-08-13,관망,,메리츠금융지주,False,5014052.22,10021252.219999999,KT&G,2025-08
2025-08-14,관망,,메리츠금융지주,False,5014052.22,10329252.219999999,SK하이닉스,2025-08
2025-08-18,관망,,메리츠금융지주,False,5014052.22,10263252.219999999,메리츠금융지주,2025-08
2025-08-19,관망,,메리츠금융지주,False,5014052.22,10219252.219999999,NAVER,2025-08
2025-08-20,관망,,메리츠금융지주,False,5014052.22,10250052.219999999,삼성생명,2025-08
2025-08-21,관망,,메리츠금융지주,False,5014052.22,10685652.219999999,메리츠금융지주,2025-08
2025-08-22,관망,,메리츠금융지주,False,5014052.22,10690052.219999999,현대차,2025-08
2025-08-25,관망,,메리츠금융지주,False,5014052.22,10676852.219999999,메리츠금융지주,2025-08
2025-08-26,관망,,메리츠금융지주,False,5014052.22,10602052.219999999,현대차,2025-08
2025-08-27,관망,,메리츠금융지주,False,5014052.22,10558052.219999999,SK하이닉스,2025-08
2025-08-28,관망,,메리츠금융지주,False,5014052.22,10544852.219999999,SK텔레콤,2025-08
2025-08-29,관망,,메리츠금융지주,False,5014052.22,10580052.219999999,SK,2025-08
2025-09-01,관망,,메리츠금융지주,False,5014052.22,10527252.219999999,기아,2025-09
2025-09-02,관망,,메리츠금융지주,False,5014052.22,10549252.219999999,LG,2025-09
2025-09-03,관망,,메리츠금융지주,False,5014052.22,10496452.219999999,NAVER,2025-09
2025-09-04,관망,,메리츠금융지주,False,5014052.22,10443652.219999999,LG,2025-09
2025-09-05,관망,,메리츠금융지주,False,5014052.22,10430452.219999999,LG,2025-09
2025-09-08,관망,,메리츠금융지주,False,5014052.22,10399652.219999999,NAVER,2025-09
2025-09-09,관망,,메리츠금융지주,False,5014052.22,10553652.219999999,LG,2025-09
2025-09-10,관망,,메리츠금융지주,False,5014052.22,10637252.219999999,SK이노베이션,2025-09
2025-09-11,관망,,메리츠금융지주,False,5014052.22,10593252.219999999,NAVER,2025-09
2025-09-12,관망,,메리츠금융지주,False,5014052.22,10593252.219999999,삼성바이오로직스,2025-09
2025-09-15,관망,,메리츠금융지주,False,5014052.22,10566852.219999999,삼성전자,2025-09
2025-09-16,관망,,메리츠금융지주,False,5014052.22,10452452.219999999,삼성바이오로직스,2025-09
2025-09-17,관망,,메리츠금융지주,False,5014052.22,10421652.219999999,우리금융지주,2025-09
2025-09-18,관망,,메리츠금융지주,False,5014052.22,10360052.219999999,POSCO홀딩스,2025-09
2025-09-22,관망,,메리츠금융지주,False,5014052.22,10245652.219999999,KT&G,2025-09
2025-09-23,관망,,메리츠금융지주,False,5014052.22,10166452.219999999,신한지주,2025-09
2025-09-24,관망,,메리츠금융지주,False,5014052.22,10126852.219999999,삼성SDI,2025-09
2025-09-25,관망,,메리츠금융지주,False,5014052.22,10069652.219999999,SK텔레콤,2025-09
2025-09-26,관망,,메리츠금융지주,False,5014052.22,9959652.219999999,삼성SDI,2025-09
2025-09-29,관망,,메리츠금융지주,False,5014052.22,10096052.219999999,셀트리온,2025-09
2025-09-30,관망,,메리츠금융지주,False,5014052.22,10008052.219999999,POSCO홀딩스,2025-09
2025-10-01,관망,,메리츠금융지주,False,5014052.22,10016852.219999999,셀트리온,2025-10
2025-10-02,관망,,메리츠금융지주,False,5014052.22,10052052.219999999,셀트리온,2025-10
2025-10-10,관망,,메리츠금융지주,False,5014052.22,9915652.219999999,SK이노베이션,2025-10
2025-10-13,관망,,메리츠금융지주,False,5014052.22,9933252.219999999,삼성SDI,2025-10
2025-10-14,관망,,메리츠금융지주,False,5014052.22,9880452.219999999,SK이노베이션,2025-10
2025-10-15,관망,,메리츠금융지주,False,5014052.22,10003652.219999999,SK이노베이션,2025-10
2025-10-16,관망,,메리츠금융지주,False,5014052.22,10016852.219999999,SK이노베이션,2025-10
2025-10-17,관망,,메리츠금융지주,False,5014052.22,9933252.219999999,기아,2025-10
2025-10-20,관망,,메리츠금융지주,False,5014052.22,10206052.219999999,기아,2025-10
2025-10-21,관망,,메리츠금융지주,False,5014052.22,10140052.219999999,메리츠금융지주,2025-10
2025-10-22,관망,,메리츠금융지주,False,5014052.22,10153252.219999999,기아,2025-10
2025-10-23,관망,,메리츠금융지주,False,5014052.22,10043252.219999999,메리츠금융지주,2025-10
2025-10-24,관망,,메리츠금융지주,False,5014052.22,10016852.219999999,LG,2025-10
2025-10-27,관망,,메리츠금융지주,False,5014052.22,10030052.219999999,셀트리온,2025-10
2025-10-28,관망,,메리츠금융지주,False,5014052.22,9950852.219999999,메리츠금융지주,2025-10
2025-10-29,관망,,메리츠금융지주,False,5014052.22,9942052.219999999,카카오,2025-10
2025-10-30,관망,,메리츠금융지주,False,5014052.22,9880452.219999999,카카오,2025-10
2025-10-31,관망,,메리츠금융지주,False,5014052.22,9876052.219999999,HMM,2025-10
2025-11-03,관망,,메리츠금융지주,False,5014052.22,9827652.219999999,카카오,2025-11
2025-11-04,관망,,메리츠금융지주,False,5014052.22,9999252.219999999,NAVER,2025-11
2025-11-05,관망,,메리츠금융지주,False,5014052.22,10025652.219999999,SK텔레콤,2025-11
2025-11-06,관망,,메리츠금융지주,False,5014052.22,10166452.219999999,NAVER,2025-11
2025-11-07,관망,,메리츠금융지주,False,5014052.22,10082852.219999999,SK텔레콤,2025-11
2025-11-10,관망,,메리츠금융지주,False,5014052.22,10214852.219999999,카카오,2025-11
2025-11-11,관망,,메리츠금융지주,False,5014052.22,10170852.219999999,SK텔레콤,2025-11
2025-11-12,관망,,메리츠금융지주,False,5014052.22,10324852.219999999,SK텔레콤,2025-11
2025-11-13,관망,,메리츠금융지주,False,5014052.22,10351252.219999999,KT&G,2025-11
2025-11-14,관망,,메리츠금융지주,False,5014052.22,10377652.219999999,메리츠금융지주,2025-11
2025-11-17,관망,,메리츠금융지주,False,5014052.22,9893652.219999999,KT&G,2025-11
2025-11-18,관망,,메리츠금융지주,False,5014052.22,9761652.219999999,기아,2025-11
2025-11-19,관망,,메리츠금융지주,False,5014052.22,9796852.219999999,셀트리온,2025-11
2025-11-20,관망,,메리츠금융지주,False,5014052.22,9858452.219999999,SK텔레콤,2025-11
2025-11-21,관망,,메리츠금융지주,False,5014052.22,9845252.219999999,셀트리온,2025-11
2025-11-24,관망,,메리츠금융지주,False,5014052.22,9752852.219999999,셀트리온,2025-11
2025-11-25,관망,,메리츠금융지주,False,5014052.22,9744052.219999999,SK텔레콤,2025-11
2025-11-26,관망,,메리츠금융지주,False,5014052.22,9880452.219999999,삼성전자,2025-11
2025-11-27,관망,,메리츠금융지주,False,5014052.22,9783652.219999999,삼성전기,2025-11
2025-11-28,관망,,메리츠금융지주,False,5014052.22,9792452.219999999,현대모비스,2025-11
2025-12-01,관망,,메리츠금융지주,False,5014052.22,9796852.219999999,현대모비스,2025-12
2025-12-02,관망,,메리츠금융지주,False,5014052.22,9845252.219999999,우리금융지주,2025-12
2025-12-03,관망,,메리츠금융지주,False,5014052.22,9889252.219999999,우리금융지주,2025-12
2025-12-04,관망,,메리츠금융지주,False,5014052.22,9832052.219999999,삼성생명,2025-12
2025-12-05,관망,,메리츠금융지주,False,5014052.22,9898052.219999999,현대차,2025-12
2025-12-08,관망,,메리츠금융지주,False,5014052.22,9884852.219999999,현대차,2025-12
2025-12-09,관망,,메리츠금융지주,False,5014052.22,9858452.219999999,삼성SDI,2025-12
2025-12-10,관망,,메리츠금융지주,False,5014052.22,9814452.219999999,HMM,2025-12
2025-12-11,관망,,메리츠금융지주,False,5014052.22,9788052.219999999,SK하이닉스,2025-12
2025-12-12,관망,,메리츠금융지주,False,5014052.22,9898052.219999999,LG에너지솔루션,2025-12
2025-12-15,관망,,메리츠금융지주,False,5014052.22,9858452.219999999,메리츠금융지주,2025-12
2025-12-16,관망,,메리츠금융지주,False,5014052.22,9840852.219999999,셀트리온,2025-12
2025-12-17,관망,,메리츠금융지주,False,5014052.22,9823252.219999999,삼성바이오로직스,2025-12
2025-12-18,관망,,메리츠금융지주,False,5014052.22,9757252.219999999,SK하이닉스,2025-12
2025-12-19,관망,,메리츠금융지주,False,5014052.22,9836452.219999999,SK하이닉스,2025-12
2025-12-22,관망,,메리츠금융지주,False,5014052.22,9840852.219999999,SK텔레콤,2025-12
2025-12-23,관망,,메리츠금융지주,False,5014052.22,9832052.219999999,NAVER,2025-12
2025-12-24,관망,,메리츠금융지주,False,5014052.22,9823252.219999999,SK텔레콤,2025-12
2025-12-26,관망,,메리츠금융지주,False,5014052.22,9774852.219999999,SK하이닉스,2025-12
2025-12-29,관망,,메리츠금융지주,False,5014052.22,9937652.219999999,SK하이닉스,2025-12
2025-12-30,관망,,메리츠금융지주,False,5014052.22,9990452.219999999,SK텔레콤,2025-12
2026-01-02,관망,,메리츠금융지주,False,5014052.22,9924452.219999999,NAVER,2026-01
2026-01-05,관망,,메리츠금융지주,False,5014052.22,9774852.219999999,카카오,2026-01
2026-01-06,관망,,메리츠금융지주,False,5014052.22,9779252.219999999,NAVER,2026-01
2026-01-07,관망,,메리츠금융지주,False,5014052.22,9704452.219999999,SK,2026-01
2026-01-08,관망,,메리츠금융지주,False,5014052.22,9748452.219999999,기아,2026-01
2026-01-09,매수,셀트리온,셀트리온,False,4846579.677183593,9599913.130308593,셀트리온,2026-01
2026-01-12,관망,,셀트리온,False,4846579.677183593,9534198.895933593,현대차,2026-01
2026-01-13,관망,,셀트리온,False,4846579.677183593,9687531.989683593,SK이노베이션,2026-01
2026-01-14,관망,,셀트리온,False,4846579.677183593,9479436.974058593,POSCO홀딩스,2026-01
2026-01-15,관망,,셀트리온,False,4846579.677183593,9457531.989683593,SK텔레콤,2026-01
2026-01-16,관망,,셀트리온,False,4846579.677183593,9424675.052183593,LG에너지솔루션,2026-01
2026-01-19,관망,,셀트리온,False,4846579.677183593,9369913.130308593,고려아연,2026-01
2026-01-20,관망,,셀트리온,False,4846579.677183593,9380865.442808593,LG에너지솔루션,2026-01
2026-01-21,관망,,셀트리온,False,4846579.677183593,9315151.208433593,HMM,2026-01
2026-01-22,관망,,셀트리온,False,4846579.677183593,9402770.067808593,우리금융지주,2026-01
2026-01-23,관망,,셀트리온,False,4846579.677183593,9490389.286558593,SK이노베이션,2026-01
2026-01-26,관망,,셀트리온,False,4846579.677183593,9556103.520933593,기업은행,2026-01
2026-01-27,관망,,셀트리온,False,4846579.677183593,9479436.974058593,카카오,2026-01
2026-01-28,관망,,셀트리온,False,4846579.677183593,9632770.067808593,메리츠금융지주,2026-01
2026-01-29,관망,,셀트리온,False,4846579.677183593,9545151.208433593,메리츠금융지주,2026-01
2026-01-30,관망,,셀트리온,False,4846579.677183593,9446579.677183593,메리츠금융지주,2026-01
2026-02-02,관망,,셀트리온,False,4846579.677183593,9293246.224058593,메리츠금융지주,2026-02
2026-02-03,관망,,셀트리온,False,4846579.677183593,9391817.755308593,메리츠금융지주,2026-02
2026-02-04,관망,,셀트리온,False,4846579.677183593,9545151.208433593,NAVER,2026-02
2026-02-05,관망,,셀트리온,False,4846579.677183593,9610865.442808593,HMM,2026-02
2026-02-06,관망,,셀트리온,False,4846579.677183593,9665627.364683593,기업은행,2026-02
2026-02-09,관망,,셀트리온,False,4846579.677183593,9884675.052183593,셀트리온,2026-02
2026-02-10,관망,,셀트리온,False,4846579.677183593,9829913.130308593,셀트리온,2026-02
2026-02-11,관망,,셀트리온,False,4846579.677183593,10092770.067808593,HMM,2026-02
2026-02-12,관망,,셀트리온,False,4846579.677183593,10070865.442808593,셀트리온,2026-02
2026-02-13,관망,,셀트리온,False,4846579.677183593,10059913.130308593,HMM,2026-02
2026-02-19,관망,,셀트리온,False,4846579.677183593,10202293.911558593,HMM,2026-02
2026-02-20,관망,,셀트리온,False,4846579.677183593,10147531.989683593,기아,2026-02
2026-02-23,관망,,셀트리온,False,4846579.677183593,10169436.974058593,LG화학,2026-02
2026-02-24,관망,,셀트리온,False,4846579.677183593,10289913.130308593,기아,2026-02
2026-02-25,관망,,셀트리온,False,4846579.677183593,10202293.911558593,삼성바이오로직스,2026-02
2026-02-26,관망,,셀트리온,False,4846579.677183593,10147531.989683593,LG에너지솔루션,2026-02
2026-02-27,관망,,셀트리온,False,4846579.677183593,10070865.442808593,삼성바이오로직스,2026-02
2026-03-03,관망,,셀트리온,False,4846579.677183593,9775151.208433593,카카오,2026-03
2026-03-04,관망,,셀트리온,False,4846579.677183593,9170579.677183593,고려아연,2026-03
2026-03-05,관망,,셀트리온,False,4846579.677183593,9479436.974058593,고려아연,2026-03
2026-03-06,관망,,셀트리온,False,4846579.677183593,9501341.599058593,삼성바이오로직스,2026-03
2026-03-09,관망,,셀트리온,False,4846579.677183593,9315151.208433593,카카오,2026-03
2026-03-10,관망,,셀트리온,False,4846579.677183593,9358960.458433593,삼성바이오로직스,2026-03
2026-03-11,관망,,셀트리온,False,4846579.677183593,9424675.052183593,삼성바이오로직스,2026-03
2026-03-12,관망,,셀트리온,False,4846579.677183593,9358960.458433593,삼성바이오로직스,2026-03
2026-03-13,관망,,셀트리온,False,4846579.677183593,9348008.145933593,LG에너지솔루션,2026-03
2026-03-16,관망,,셀트리온,False,4846579.677183593,9227531.989683593,카카오,2026-03
2026-03-17,관망,,셀트리온,False,4846579.677183593,9358960.458433593,SK하이닉스,2026-03
2026-03-18,관망,,셀트리온,False,4846579.677183593,9435627.364683593,LG에너지솔루션,2026-03
2026-03-19,관망,,셀트리온,False,4846579.677183593,9271341.599058593,SK이노베이션,2026-03
2026-03-20,관망,,셀트리온,False,4846579.677183593,9271341.599058593,신한지주,2026-03
2026-03-23,매수,SK이노베이션,SK이노베이션,False,4572355.954026951,8796355.954026952,SK이노베이션,2026-03
2026-03-24,관망,,SK이노베이션,False,4572355.954026951,8976355.954026952,삼성생명,2026-03
2026-03-25,관망,,SK이노베이션,False,4572355.954026951,9136355.954026952,LG에너지솔루션,2026-03
2026-03-26,관망,,SK이노베이션,False,4572355.954026951,9024355.954026952,LG에너지솔루션,2026-03
2026-03-27,관망,,SK이노베이션,False,4572355.954026951,9028355.954026952,POSCO홀딩스,2026-03
2026-03-30,관망,,SK이노베이션,False,4572355.954026951,9108355.954026952,LG에너지솔루션,2026-03
2026-03-31,관망,,SK이노베이션,False,4572355.954026951,8920355.954026952,LG화학,2026-03
2026-04-01,관망,,SK이노베이션,False,4572355.954026951,9152355.954026952,KT&G,2026-04
2026-04-02,관망,,SK이노베이션,False,4572355.954026951,9192355.954026952,POSCO홀딩스,2026-04
2026-04-03,관망,,SK이노베이션,False,4572355.954026951,9300355.954026952,SK이노베이션,2026-04
2026-04-06,관망,,SK이노베이션,False,4572355.954026951,9500355.954026952,LG화학,2026-04
2026-04-07,관망,,SK이노베이션,False,4572355.954026951,9444355.954026952,LG에너지솔루션,2026-04
2026-04-08,관망,,SK이노베이션,False,4572355.954026951,9388355.954026952,LG화학,2026-04
2026-04-09,관망,,SK이노베이션,False,4572355.954026951,9532355.954026952,HMM,2026-04
2026-04-10,관망,,SK이노베이션,False,4572355.954026951,9468355.954026952,HMM,2026-04
2026-04-13,관망,,SK이노베이션,False,4572355.954026951,9432355.954026952,HMM,2026-04
2026-04-14,관망,,SK이노베이션,False,4572355.954026951,9436355.954026952,고려아연,2026-04
2026-04-15,관망,,SK이노베이션,False,4572355.954026951,9436355.954026952,기업은행,2026-04
2026-04-16,관망,,SK이노베이션,False,4572355.954026951,9632355.954026952,기업은행,2026-04
2026-04-17,관망,,SK이노베이션,False,4572355.954026951,9748355.954026952,한국전력,2026-04
2026-04-20,관망,,SK이노베이션,False,4572355.954026951,9724355.954026952,한국전력,2026-04
2026-04-21,관망,,SK이노베이션,False,4572355.954026951,9912355.954026952,한국전력,2026-04
2026-04-22,관망,,SK이노베이션,False,4572355.954026951,9932355.954026952,NAVER,2026-04
2026-04-23,관망,,SK이노베이션,False,4572355.954026951,9900355.954026952,셀트리온,2026-04
2026-04-24,관망,,SK이노베이션,False,4572355.954026951,9888355.954026952,셀트리온,2026-04
2026-04-27,관망,,SK이노베이션,False,4572355.954026951,9788355.954026952,셀트리온,2026-04
2026-04-28,관망,,SK이노베이션,False,4572355.954026951,9892355.954026952,NAVER,2026-04
2026-04-29,익절예약,+30% 도달,SK이노베이션,True,4572355.954026951,10564355.954026952,셀트리온,2026-04
2026-04-30,매수,기아,기아,False,5290787.724026952,10300187.724026952,기아,2026-04
2026-05-04,관망,,기아,False,5290787.724026952,10372787.724026952,기업은행,2026-05
2026-05-06,관망,,기아,False,5290787.724026952,10392587.724026952,HMM,2026-05
2026-05-07,관망,,기아,False,5290787.724026952,10491587.724026952,고려아연,2026-05
2026-05-08,관망,,기아,False,5290787.724026952,10719287.724026952,HMM,2026-05
2026-05-11,관망,,기아,False,5290787.724026952,11055887.724026952,기아,2026-05
2026-05-12,관망,,기아,False,5290787.724026952,10844687.724026952,기아,2026-05
2026-05-13,관망,,기아,False,5290787.724026952,11214287.724026952,셀트리온,2026-05
2026-05-14,관망,,기아,False,5290787.724026952,11168087.724026952,SK텔레콤,2026-05
2026-05-15,관망,,기아,False,5290787.724026952,10834787.724026952,셀트리온,2026-05
2026-05-18,관망,,기아,False,5290787.724026952,10653287.724026952,SK텔레콤,2026-05
2026-05-19,관망,,기아,False,5290787.724026952,10402487.724026952,HMM,2026-05
2026-05-20,관망,,기아,False,5290787.724026952,10220987.724026952,SK텔레콤,2026-05
2026-05-21,관망,,기아,False,5290787.724026952,10831487.724026952,SK텔레콤,2026-05
2026-05-22,관망,,기아,False,5290787.724026952,10729187.724026952,HMM,2026-05
2026-05-26,관망,,기아,False,5290787.724026952,10801787.724026952,HMM,2026-05
2026-05-27,관망,,기아,False,5290787.724026952,10725887.724026952,삼성바이오로직스,2026-05
2026-05-28,관망,,기아,False,5290787.724026952,10712687.724026952,SK,2026-05
2026-05-29,관망,,기아,False,5290787.724026952,10874387.724026952,삼성SDI,2026-05
2026-06-01,관망,,기아,False,5290787.724026952,10897487.724026952,NAVER,2026-06
2026-06-02,관망,,기아,False,5290787.724026952,10861187.724026952,NAVER,2026-06
2026-06-04,관망,,기아,False,5290787.724026952,10712687.724026952,NAVER,2026-06
2026-06-05,관망,,기아,False,5290787.724026952,10607087.724026952,HMM,2026-06
2026-06-08,관망,,기아,False,5290787.724026952,10286987.724026952,기업은행,2026-06
2026-06-09,관망,,기아,False,5290787.724026952,10712687.724026952,NAVER,2026-06
2026-06-10,관망,,기아,False,5290787.724026952,10560887.724026952,기업은행,2026-06
2026-06-11,관망,,기아,False,5290787.724026952,10438787.724026952,기업은행,2026-06
2026-06-12,관망,,기아,False,5290787.724026952,10795187.724026952,기업은행,2026-06
2026-06-15,관망,,기아,False,5290787.724026952,10818287.724026952,메리츠금융지주,2026-06
2026-06-16,관망,,기아,False,5290787.724026952,10907387.724026952,HMM,2026-06
2026-06-17,관망,,기아,False,5290787.724026952,10778687.724026952,HMM,2026-06
2026-06-18,관망,,기아,False,5290787.724026952,10531187.724026952,셀트리온,2026-06
2026-06-19,관망,,기아,False,5290787.724026952,10402487.724026952,삼성바이오로직스,2026-06
2026-06-22,관망,,기아,False,5290787.724026952,10286987.724026952,LG에너지솔루션,2026-06
2026-06-23,매수,한국전력,한국전력,False,4967505.457026952,9607505.457026951,한국전력,2026-06
2026-06-24,관망,,한국전력,False,4967505.457026952,9671505.457026951,한국전력,2026-06
2026-06-25,관망,,한국전력,False,4967505.457026952,9933905.457026951,삼성바이오로직스,2026-06
2026-06-26,관망,,한국전력,False,4967505.457026952,9716305.457026951,기아,2026-06
2026-06-29,관망,,한국전력,False,4967505.457026952,9863505.457026951,SK,2026-06
2026-06-30,관망,,한국전력,False,4967505.457026952,9703505.457026951,LG에너지솔루션,2026-06
2026-07-01,관망,,한국전력,False,4967505.457026952,9780305.457026951,SK,2026-07
2026-07-02,관망,,한국전력,False,4967505.457026952,9850705.457026951,셀트리온,2026-07
2026-07-03,관망,,한국전력,False,4967505.457026952,9863505.457026951,셀트리온,2026-07
2026-07-06,관망,,한국전력,False,4967505.457026952,9978705.457026951,셀트리온,2026-07
2026-07-07,관망,,한국전력,False,4967505.457026952,9857105.457026951,기아,2026-07
2026-07-08,관망,,한국전력,False,4967505.457026952,9671505.457026951,메리츠금융지주,2026-07
2026-07-09,관망,,한국전력,False,4967505.457026952,9473105.457026951,KT&G,2026-07
2026-07-10,관망,,한국전력,False,4967505.457026952,9601105.457026951,KB금융,2026-07
