date,pick,buy_hit,sell_hit,signals,held,day_pnl,portfolio,top3,month
2025-06-25,삼성바이오로직스,7,3,"지지반등,RSI탈출,BB회귀,W패턴,200일선,STO_GC,피보나치",삼성바이오로직스,,10035516.9676,삼성바이오로직스 | 한국전력 | 메리츠금융지주,2025-06
2025-06-26,한국전력,6,0,"GC,RSI탈출,MACD,BB회귀,W패턴,STO_GC",한국전력,0.6999998699217524,11137724.813513989,한국전력 | 메리츠금융지주 | 삼성전자,2025-06
2025-06-27,한국전력,6,0,"GC,RSI탈출,MACD,BB회귀,W패턴,STO_GC",한국전력,8.743170114723764,10743277.821941575,한국전력 | LG화학 | 메리츠금융지주,2025-06
2025-06-30,한국전력,4,2,"GC,MACD,W패턴,STO_GC",한국전력,-2.63819134948583,10732595.31737044,한국전력 | 신한지주 | 메리츠금융지주,2025-06
2025-07-01,메리츠금융지주,7,3,"GC,RSI탈출,MACD,BB회귀,200일선,STO_GC,피보나치",메리츠금융지주,0.12903294876227545,10739121.271399235,메리츠금융지주 | 한국전력 | LG에너지솔루션,2025-07
2025-07-02,메리츠금융지주,6,1,"GC,RSI탈출,MACD,BB회귀,STO_GC,피보나치",메리츠금융지주,1.0591350397175736,10779729.721399233,메리츠금융지주 | 삼성바이오로직스 | 셀트리온,2025-07
2025-07-03,삼성바이오로직스,7,1,"지지반등,RSI탈출,MACD,BB회귀,W패턴,200일선,STO_GC",삼성바이오로직스,1.1353711790393017,11022701.972299233,삼성바이오로직스 | 셀트리온 | 메리츠금융지주,2025-07
2025-07-04,삼성바이오로직스,7,0,"RSI탈출,MACD,BB회귀,W패턴,200일선,STO_GC,피보나치",삼성바이오로직스,3.743842909036843,10945007.922124231,삼성바이오로직스 | 셀트리온 | 메리츠금융지주,2025-07
2025-07-07,셀트리온,6,3,"GC,MACD,BB회귀,거래량돌파,W패턴,STO_GC",셀트리온,-1.3295344429052003,10974493.588458883,셀트리온 | HMM | 삼성바이오로직스,2025-07
2025-07-08,셀트리온,5,3,"GC,MACD,BB회귀,W패턴,STO_GC",셀트리온,-0.05614684649868362,10749338.656862738,셀트리온 | LG에너지솔루션 | 삼성바이오로직스,2025-07
2025-07-09,고려아연,5,1,"MACD,BB회귀,200일선,STO_GC,피보나치",고려아연,-2.1348366818860542,10387197.06937549,고려아연 | HMM | 삼성물산,2025-07
2025-07-10,삼성바이오로직스,8,0,"GC,지지반등,RSI탈출,MACD,BB회귀,W패턴,200일선,STO_GC",삼성바이오로직스,-2.8571433443222327,10891702.51167359,삼성바이오로직스 | HMM | 삼성물산,2025-07
2025-07-11,삼성바이오로직스,8,0,"GC,RSI탈출,MACD,BB회귀,W패턴,200일선,STO_GC,피보나치",삼성바이오로직스,4.71050207224466,10656882.659598589,삼성바이오로직스 | 삼성물산 | 셀트리온,2025-07
2025-07-14,고려아연,6,1,"MACD,BB회귀,W패턴,200일선,STO_GC,피보나치",고려아연,-1.218371237649063,10677430.234080212,고려아연 | HMM | 삼성바이오로직스,2025-07
2025-07-15,HMM,5,1,"GC,MACD,BB회귀,W패턴,STO_GC",HMM,-0.23612726044830445,10560298.213077964,HMM | 삼성물산 | 기아,2025-07
2025-07-16,HMM,4,1,"GC,MACD,BB회귀,W패턴",HMM,-1.1560668993225387,10231888.338662961,HMM | 셀트리온 | 삼성전자,2025-07
2025-07-17,삼성바이오로직스,3,0,"GC,BB회귀,200일선",삼성바이오로직스,-1.9493163427680704,10391189.800060559,삼성바이오로직스 | 삼성전자 | 고려아연,2025-07
2025-07-18,삼성바이오로직스,5,0,"GC,BB회귀,W패턴,200일선,피보나치",삼성바이오로직스,3.0534413915891845,10192994.863585558,삼성바이오로직스 | 고려아연 | 삼성물산,2025-07
2025-07-21,LG에너지솔루션,3,1,"BB회귀,W패턴,피보나치",LG에너지솔루션,-2.407411268826809,10399756.427498057,LG에너지솔루션 | 현대차 | 삼성SDI,2025-07
2025-07-22,고려아연,5,2,"MACD,BB회귀,W패턴,STO_GC,피보나치",고려아연,2.6194144838212585,10532268.986615863,고려아연 | 삼성SDI | POSCO홀딩스,2025-07
2025-07-23,SK텔레콤,4,2,"GC,BB회귀,W패턴,200일선",SK텔레콤,1.5738487891172603,10475014.068830797,SK텔레콤 | LG에너지솔루션 | 삼성바이오로직스,2025-07
2025-07-24,기아,6,3,"GC,MACD,BB회귀,거래량돌파,W패턴,STO_GC",기아,-0.3533497110167372,10291830.245077714,기아 | 현대차 | 삼성바이오로직스,2025-07
2025-07-25,삼성SDI,5,1,"MACD,BB회귀,W패턴,STO_GC,피보나치",삼성SDI,-2.0522351884719403,10082735.726176642,삼성SDI | 현대차 | 기아,2025-07
2025-07-28,한국전력,4,1,"GC,RSI탈출,BB회귀,W패턴",한국전력,-0.7242628039317078,10273663.779216887,한국전력 | 현대차 | 기아,2025-07
2025-07-29,현대차,5,1,"GC,MACD,BB회귀,W패턴,STO_GC",현대차,1.3959398888975683,10311965.019877112,현대차 | 기아 | 삼성바이오로직스,2025-07
2025-07-30,기아,5,1,"GC,MACD,BB회귀,W패턴,STO_GC",기아,-0.9195358038448731,10694744.756804068,기아 | 현대차 | LG에너지솔루션,2025-07
2025-07-31,삼성전기,6,1,"GC,RSI탈출,MACD,BB회귀,W패턴,STO_GC",삼성전기,7.3333355190187355,10776461.301726349,삼성전기 | 현대차 | 기아,2025-07
2025-08-01,카카오,4,0,"RSI탈출,BB회귀,W패턴,STO_GC",카카오,-2.4617407840431316,10286107.412840748,카카오 | 삼성전기 | SK텔레콤,2025-08
2025-08-04,삼성전기,4,4,"GC,MACD,W패턴,STO_GC",삼성전기,-3.8461526350893505,10648796.281769292,삼성전기 | 기아 | 현대차,2025-08
2025-08-05,삼성전기,6,2,"GC,RSI탈출,MACD,BB회귀,W패턴,STO_GC",삼성전기,8.223004981766469,11003588.005445717,삼성전기 | 현대차 | 기아,2025-08
2025-08-06,삼성전기,6,1,"GC,RSI탈출,MACD,BB회귀,W패턴,STO_GC",삼성전기,-1.094656200695776,10971697.054822452,삼성전기 | KB금융 | SK이노베이션,2025-08
2025-08-07,KB금융,5,1,"GC,RSI탈출,BB회귀,W패턴,STO_GC",KB금융,4.882810282585903,11322811.789355751,KB금융 | SK이노베이션 | 메리츠금융지주,2025-08
2025-08-08,카카오,6,0,"GC,RSI탈출,MACD,BB회귀,W패턴,STO_GC",카카오,-0.24453107924313766,11512893.257069727,카카오 | NAVER | 고려아연,2025-08
2025-08-11,카카오,6,0,"GC,RSI탈출,MACD,BB회귀,W패턴,STO_GC",카카오,2.7200017854136282,11558251.100655664,카카오 | KT&G | SK텔레콤,2025-08
2025-08-12,카카오,6,1,"GC,RSI탈출,MACD,BB회귀,W패턴,STO_GC",카카오,-0.6230535963764661,11442110.135627536,카카오 | 신한지주 | SK하이닉스,2025-08
2025-08-13,KT&G,6,1,"GC,RSI탈출,MACD,BB회귀,W패턴,STO_GC",KT&G,1.253914490411967,11379697.050642313,KT&G | KB금융 | 신한지주,2025-08
2025-08-14,SK하이닉스,6,0,"GC,RSI탈출,MACD,BB회귀,W패턴,STO_GC",SK하이닉스,-2.1428604693703335,11264874.604686184,SK하이닉스 | KB금융 | 메리츠금융지주,2025-08
2025-08-18,메리츠금융지주,5,0,"RSI탈출,MACD,BB회귀,W패턴,STO_GC",메리츠금융지주,-1.9819756401044608,10996273.67513478,메리츠금융지주 | SK이노베이션 | 고려아연,2025-08
2025-08-19,NAVER,5,1,"RSI탈출,BB회귀,W패턴,STO_GC,피보나치",NAVER,-0.5000000000000004,10861479.247886887,NAVER | 카카오 | 메리츠금융지주,2025-08
2025-08-20,삼성생명,5,0,"GC,RSI탈출,MACD,BB회귀,W패턴",삼성생명,-2.8508784367289652,10622889.933437519,삼성생명 | 현대차 | 현대모비스,2025-08
2025-08-21,메리츠금융지주,6,0,"GC,RSI탈출,MACD,BB회귀,W패턴,STO_GC",메리츠금융지주,0.23059638861537834,11291078.881796718,메리츠금융지주 | 삼성생명 | 현대차,2025-08
2025-08-22,현대차,6,0,"GC,RSI탈출,MACD,BB회귀,W패턴,STO_GC",현대차,5.3497942386831365,11088111.597980367,현대차 | 메리츠금융지주 | 삼성생명,2025-08
2025-08-25,메리츠금융지주,6,0,"GC,RSI탈출,MACD,BB회귀,W패턴,STO_GC",메리츠금융지주,-0.2252307461174663,11128564.869728152,메리츠금융지주 | 삼성바이오로직스 | 기아,2025-08
2025-08-26,현대차,6,0,"GC,RSI탈출,MACD,BB회귀,W패턴,STO_GC",현대차,-0.31055900621117516,10978309.98431728,현대차 | LG | 고려아연,2025-08
2025-08-27,SK하이닉스,5,3,"GC,RSI탈출,MACD,BB회귀,STO_GC",SK하이닉스,-0.6802598445451946,11019955.656150645,SK하이닉스 | 현대모비스 | 현대차,2025-08
2025-08-28,SK텔레콤,6,2,"GC,RSI탈출,BB회귀,W패턴,200일선,STO_GC",SK텔레콤,-1.7888532328335982,10740326.043238437,SK텔레콤 | 고려아연 | 삼성물산,2025-08
2025-08-29,SK,6,0,"GC,RSI탈출,MACD,BB회귀,W패턴,STO_GC",SK,4.0902711218038235e-06,10761121.34649258,SK | 삼성물산 | LG,2025-08
2025-09-01,기아,5,2,"GC,MACD,BB회귀,W패턴,STO_GC",기아,-1.210653753026636,10551344.848787121,기아 | SK하이닉스 | SK,2025-09
2025-09-02,LG,5,0,"RSI탈출,MACD,BB회귀,STO_GC,피보나치",LG,-0.5617980156294777,10456009.810446888,LG | 셀트리온 | 기아,2025-09
2025-09-03,NAVER,5,0,"RSI탈출,MACD,BB회귀,STO_GC,피보나치",NAVER,-1.195221849883643,10189673.316662088,NAVER | 삼성물산 | SK하이닉스,2025-09
2025-09-04,LG,7,0,"GC,RSI탈출,MACD,BB회귀,W패턴,STO_GC,피보나치",LG,-1.3363045100563853,10284361.448628593,LG | 고려아연 | SK하이닉스,2025-09
2025-09-05,LG,7,0,"GC,RSI탈출,MACD,BB회귀,W패턴,STO_GC,피보나치",LG,0.4010681357004664,10274477.214541482,LG | SK이노베이션 | NAVER,2025-09
2025-09-08,NAVER,7,0,"GC,RSI탈출,MACD,BB회귀,W패턴,STO_GC,피보나치",NAVER,0.3994739717080309,10201474.260944288,NAVER | LG | 삼성바이오로직스,2025-09
2025-09-09,LG,7,0,"GC,RSI탈출,MACD,BB회귀,W패턴,STO_GC,피보나치",LG,-8.094223180599158e-07,10293443.20111721,LG | SK이노베이션 | 삼성바이오로직스,2025-09
2025-09-10,SK이노베이션,8,0,"GC,RSI탈출,MACD,BB회귀,W패턴,200일선,STO_GC,피보나치",SK이노베이션,0.5228690931482927,10278022.066507328,SK이노베이션 | 삼성바이오로직스 | NAVER,2025-09
2025-09-11,NAVER,7,1,"GC,RSI탈출,MACD,BB회귀,W패턴,STO_GC,피보나치",NAVER,0.4716981132075526,10189194.941880705,NAVER | 하나금융지주 | 기업은행,2025-09
2025-09-12,삼성바이오로직스,7,1,"GC,RSI탈출,MACD,BB회귀,W패턴,200일선,STO_GC",삼성바이오로직스,-7.465582152477168e-07,10240345.702053862,삼성바이오로직스 | SK이노베이션 | 하나금융지주,2025-09
2025-09-15,삼성전자,7,0,"GC,RSI탈출,MACD,BB회귀,거래량돌파,W패턴,STO_GC",삼성전자,-0.4821566524227605,10070955.7561864,삼성전자 | 삼성바이오로직스 | 신한지주,2025-09
2025-09-16,삼성바이오로직스,7,1,"GC,RSI탈출,MACD,BB회귀,W패턴,200일선,STO_GC",삼성바이오로직스,-0.3885890885376164,10118834.514184758,삼성바이오로직스 | 하나금융지주 | 우리금융지주,2025-09
2025-09-17,우리금융지주,6,0,"GC,RSI탈출,MACD,BB회귀,W패턴,STO_GC",우리금융지주,-0.4835555647809686,9844808.181170717,우리금융지주 | 신한지주 | 삼성전자,2025-09
2025-09-18,POSCO홀딩스,7,1,"RSI탈출,MACD,BB회귀,W패턴,200일선,STO_GC,피보나치",POSCO홀딩스,-2.247186245682875,9801967.273685914,POSCO홀딩스 | SK텔레콤 | SK이노베이션,2025-09
2025-09-22,KT&G,6,0,"GC,RSI탈출,MACD,BB회귀,W패턴,STO_GC",KT&G,-9.071120221637585e-06,9782905.325350562,KT&G | 셀트리온 | 삼성SDI,2025-09
2025-09-23,신한지주,6,1,"GC,RSI탈출,MACD,BB회귀,W패턴,STO_GC",신한지주,1.054111033028815,9927143.83876247,신한지주 | KT&G | 셀트리온,2025-09
2025-09-24,삼성SDI,7,0,"GC,RSI탈출,MACD,BB회귀,W패턴,200일선,STO_GC",삼성SDI,1.0100922087490805,9642533.803098295,삼성SDI | LG에너지솔루션 | 셀트리온,2025-09
2025-09-25,SK텔레콤,6,2,"GC,MACD,BB회귀,W패턴,200일선,STO_GC",SK텔레콤,-2.6004728132387744,9661172.290127426,SK텔레콤 | HMM | 삼성바이오로직스,2025-09
2025-09-26,삼성SDI,7,1,"GC,RSI탈출,MACD,BB회귀,W패턴,200일선,STO_GC",삼성SDI,-0.18148750268526248,9351188.20606578,삼성SDI | LG에너지솔루션 | POSCO홀딩스,2025-09
2025-09-29,셀트리온,5,2,"GC,MACD,BB회귀,W패턴,STO_GC",셀트리온,-1.2019230769230727,9394427.516705977,셀트리온 | KT&G | 삼성SDI,2025-09
2025-09-30,POSCO홀딩스,6,2,"지지반등,RSI탈출,MACD,BB회귀,200일선,피보나치",POSCO홀딩스,-1.3888859071935489,9315761.623573203,POSCO홀딩스 | LG에너지솔루션 | 셀트리온,2025-09
2025-10-01,셀트리온,4,5,"GC,MACD,W패턴,STO_GC",셀트리온,0.3623234729180025,9333171.990738576,셀트리온 | 삼성생명 | 현대모비스,2025-10
2025-10-02,셀트리온,6,1,"GC,MACD,BB회귀,W패턴,200일선,STO_GC",셀트리온,0.22856979955803158,9348923.781291995,셀트리온 | 메리츠금융지주 | 삼성바이오로직스,2025-10
2025-10-10,SK이노베이션,6,3,"RSI탈출,BB회귀,W패턴,200일선,STO_GC,피보나치",SK이노베이션,0.2280530996659147,9160264.926122606,SK이노베이션 | LG에너지솔루션 | 셀트리온,2025-10
2025-10-13,삼성SDI,5,2,"GC,MACD,BB회귀,W패턴,200일선",삼성SDI,-2.9551954242135414,9342061.266122604,삼성SDI | SK텔레콤 | 한국전력,2025-10
2025-10-14,SK이노베이션,8,2,"지지반등,RSI탈출,MACD,BB회귀,W패턴,200일선,STO_GC,피보나치",SK이노베이션,3.9312039312039415,9652662.866122602,SK이노베이션 | 고려아연 | 삼성SDI,2025-10
2025-10-15,SK이노베이션,7,2,"RSI탈출,MACD,BB회귀,W패턴,200일선,STO_GC,피보나치",SK이노베이션,3.398058252427183,9765617.366122602,SK이노베이션 | 삼성바이오로직스 | 고려아연,2025-10
2025-10-16,SK이노베이션,7,0,"GC,RSI탈출,MACD,BB회귀,W패턴,200일선,STO_GC",SK이노베이션,1.5023474178403662,10490240.6661226,SK이노베이션 | 삼성바이오로직스 | 기아,2025-10
2025-10-17,기아,6,0,"GC,RSI탈출,MACD,BB회귀,W패턴,STO_GC",기아,5.920444033302497,10452337.671543935,기아 | SK이노베이션 | 한국전력,2025-10
2025-10-20,기아,6,0,"GC,RSI탈출,MACD,BB회귀,W패턴,STO_GC",기아,5.595665783413062,10650342.492674781,기아 | SK이노베이션 | 한국전력,2025-10
2025-10-21,메리츠금융지주,7,0,"RSI탈출,MACD,BB회귀,W패턴,200일선,STO_GC,피보나치",메리츠금융지주,-1.5384640033405006,10582783.23153676,메리츠금융지주 | SK이노베이션 | 현대모비스,2025-10
2025-10-22,기아,6,1,"GC,RSI탈출,MACD,BB회귀,W패턴,STO_GC",기아,-1.954120645709434,10433448.789847597,기아 | SK이노베이션 | 한국전력,2025-10
2025-10-23,메리츠금융지주,8,0,"GC,RSI탈출,MACD,BB회귀,W패턴,200일선,STO_GC,피보나치",메리츠금융지주,-1.7736534439889762,10119246.988010315,메리츠금융지주 | HMM | SK텔레콤,2025-10
2025-10-24,LG,6,0,"GC,RSI탈출,MACD,BB회귀,W패턴,STO_GC",LG,-1.0362694300518172,9998450.935886221,LG | POSCO홀딩스 | KT&G,2025-10
2025-10-27,셀트리온,6,2,"GC,지지반등,MACD,BB회귀,200일선,STO_GC",셀트리온,-0.615766887674396,10338271.149208054,셀트리온 | 하나금융지주 | LG화학,2025-10
2025-10-28,메리츠금융지주,7,0,"GC,RSI탈출,MACD,BB회귀,200일선,STO_GC,피보나치",메리츠금융지주,5.196315970886323,10359076.313879704,메리츠금융지주 | HMM | 기업은행,2025-10
2025-10-29,카카오,6,1,"GC,RSI탈출,MACD,BB회귀,W패턴,STO_GC",카카오,-0.17528483786152238,11130084.601139037,카카오 | 셀트리온 | LG화학,2025-10
2025-10-30,카카오,6,1,"GC,RSI탈출,MACD,BB회귀,W패턴,STO_GC",카카오,6.583075019491069,10416635.033216495,카카오 | SK텔레콤 | LG,2025-10
2025-10-31,HMM,6,0,"GC,MACD,BB회귀,W패턴,200일선,피보나치",HMM,-4.852940303136211,10563132.185720477,HMM | 현대모비스 | 카카오,2025-10
2025-11-03,카카오,6,2,"GC,RSI탈출,MACD,BB회귀,W패턴,STO_GC",카카오,-0.7281559881632149,10158441.811699253,카카오 | NAVER | 셀트리온,2025-11
2025-11-04,NAVER,6,1,"GC,RSI탈출,MACD,BB회귀,W패턴,STO_GC",NAVER,-2.8528496867678887,9965108.058195975,NAVER | 삼성전자 | KB금융,2025-11
2025-11-05,SK텔레콤,6,2,"지지반등,MACD,BB회귀,200일선,STO_GC,피보나치",SK텔레콤,-1.2843986181753198,10072789.98998864,SK텔레콤 | 메리츠금융지주 | NAVER,2025-11
2025-11-06,NAVER,6,1,"GC,RSI탈출,MACD,BB회귀,W패턴,STO_GC",NAVER,0.9541989951099339,9464260.701472247,NAVER | 메리츠금융지주 | SK텔레콤,2025-11
2025-11-07,SK텔레콤,6,1,"지지반등,RSI탈출,BB회귀,200일선,STO_GC,피보나치",SK텔레콤,-9.058615568947005,9192590.843640069,SK텔레콤 | 하나금융지주 | 메리츠금융지주,2025-11
2025-11-10,카카오,4,1,"GC,MACD,BB회귀,W패턴",카카오,1.127820766707388,9080719.569001226,카카오 | 하나금융지주 | 메리츠금융지주,2025-11
2025-11-11,SK텔레콤,7,0,"RSI탈출,MACD,BB회귀,W패턴,200일선,STO_GC,피보나치",SK텔레콤,-1.419559605290166,9122384.759856274,SK텔레콤 | 메리츠금융지주 | KT&G,2025-11
2025-11-12,SK텔레콤,6,0,"RSI탈출,MACD,BB회귀,W패턴,200일선,STO_GC",SK텔레콤,0.5555509224854704,9084692.128536275,SK텔레콤 | 하나금융지주 | 삼성전자,2025-11
2025-11-13,KT&G,6,0,"GC,RSI탈출,MACD,BB회귀,W패턴,STO_GC",KT&G,-0.5524861878452914,9117868.05093763,KT&G | 메리츠금융지주 | 하나금융지주,2025-11
2025-11-14,메리츠금융지주,6,1,"GC,MACD,BB회귀,W패턴,200일선,STO_GC",메리츠금융지주,1.2177715747667017,9113361.312591886,메리츠금융지주 | 삼성생명 | 셀트리온,2025-11
2025-11-17,KT&G,6,0,"GC,RSI탈출,MACD,BB회귀,W패턴,STO_GC",KT&G,-2.53682487725041,8923305.901333792,KT&G | 메리츠금융지주 | 셀트리온,2025-11
2025-11-18,기아,4,2,"GC,BB회귀,W패턴,STO_GC",기아,0.21202222098526402,8748045.64483765,기아 | POSCO홀딩스 | KT&G,2025-11
2025-11-19,셀트리온,4,4,"GC,MACD,W패턴,STO_GC",셀트리온,-0.5159071367153767,8785518.23417543,셀트리온 | 기아 | POSCO홀딩스,2025-11
2025-11-20,SK텔레콤,7,2,"GC,지지반등,MACD,BB회귀,W패턴,200일선,피보나치",SK텔레콤,0.6996739545592767,8810568.66784219,SK텔레콤 | 셀트리온 | KT&G,2025-11
2025-11-21,셀트리온,5,2,"GC,MACD,BB회귀,W패턴,STO_GC",셀트리온,-0.7448789571694592,8977846.519107243,셀트리온 | HMM | 메리츠금융지주,2025-11
2025-11-24,셀트리온,4,1,"GC,MACD,BB회귀,STO_GC",셀트리온,3.386129552568451,8705871.142816147,셀트리온 | KT&G | 기아,2025-11
2025-11-25,SK텔레콤,5,2,"GC,BB회귀,W패턴,200일선,피보나치",SK텔레콤,-3.0110919909988376,8692315.333118854,SK텔레콤 | 삼성전자 | 카카오,2025-11
2025-11-26,삼성전자,4,1,"GC,RSI탈출,BB회귀,STO_GC",삼성전자,-1.442514085958635e-06,8935661.29816535,삼성전자 | 셀트리온 | HMM,2025-11
2025-11-27,삼성전기,6,1,"GC,RSI탈출,MACD,BB회귀,거래량돌파,STO_GC",삼성전기,3.5820866190228617,9116476.010239143,삼성전기 | 삼성물산 | 삼성전자,2025-11
2025-11-28,현대모비스,5,0,"GC,MACD,BB회귀,W패턴,STO_GC",현대모비스,0.1980211102570184,9167729.667878043,현대모비스 | 삼성전자 | LG에너지솔루션,2025-11
2025-12-01,현대모비스,5,0,"GC,MACD,BB회귀,W패턴,STO_GC",현대모비스,0.9852262807007239,8975481.564915985,현대모비스 | HMM | SK텔레콤,2025-12
2025-12-02,우리금융지주,6,2,"GC,MACD,BB회귀,거래량돌파,W패턴,STO_GC",우리금융지주,-0.1626091394821061,9513703.759074207,우리금융지주 | HMM | 삼성물산,2025-12
2025-12-03,우리금융지주,6,2,"GC,MACD,BB회귀,거래량돌파,W패턴,STO_GC",우리금융지주,3.2608764547509272,9328617.294005457,우리금융지주 | HMM | 삼성전자,2025-12
2025-12-04,삼성생명,5,0,"GC,MACD,BB회귀,W패턴,STO_GC",삼성생명,-0.17544580650796782,9385276.132015372,삼성생명 | 카카오 | 메리츠금융지주,2025-12
2025-12-05,현대차,6,0,"GC,RSI탈출,MACD,BB회귀,W패턴,STO_GC",현대차,0.1930487465940267,10367683.778501987,현대차 | 삼성생명 | LG,2025-12
2025-12-08,현대차,7,0,"GC,RSI탈출,MACD,BB회귀,거래량돌파,W패턴,STO_GC",현대차,13.829780522713907,10359882.38347676,현대차 | 메리츠금융지주 | HMM,2025-12
2025-12-09,삼성SDI,5,0,"GC,RSI탈출,BB회귀,W패턴,STO_GC",삼성SDI,-4.049844018308358,10075201.13707961,삼성SDI | 카카오 | 현대차,2025-12
2025-12-10,HMM,6,1,"GC,MACD,BB회귀,W패턴,200일선,STO_GC",HMM,4.99194847020934,10332682.052329421,HMM | 삼성생명 | SK텔레콤,2025-12
2025-12-11,SK하이닉스,5,0,"GC,RSI탈출,BB회귀,W패턴,STO_GC",SK하이닉스,-1.699030161314119,10054735.237845637,SK하이닉스 | 삼성바이오로직스 | LG에너지솔루션,2025-12
2025-12-12,LG에너지솔루션,6,1,"GC,RSI탈출,MACD,BB회귀,W패턴,STO_GC",LG에너지솔루션,-3.087480271122478,10043657.300845196,LG에너지솔루션 | 셀트리온 | HMM,2025-12
2025-12-15,메리츠금융지주,8,2,"GC,지지반등,RSI탈출,MACD,BB회귀,W패턴,200일선,STO_GC",메리츠금융지주,-1.348314606741574,9860620.095845196,메리츠금융지주 | SK이노베이션 | LG,2025-12
2025-12-16,셀트리온,5,1,"GC,RSI탈출,BB회귀,W패턴,STO_GC",셀트리온,-0.27198549410698547,9688359.335104521,셀트리온 | 삼성바이오로직스 | 메리츠금융지주,2025-12
2025-12-17,삼성바이오로직스,6,0,"GC,RSI탈출,MACD,BB회귀,W패턴,STO_GC",삼성바이오로직스,-0.7965995847319607,9528662.283466393,삼성바이오로직스 | KT&G | LG,2025-12
2025-12-18,SK하이닉스,5,1,"GC,RSI탈출,BB회귀,W패턴,STO_GC",SK하이닉스,-2.2346368715083775,9746002.564272314,SK하이닉스 | SK이노베이션 | POSCO홀딩스,2025-12
2025-12-19,SK하이닉스,5,1,"GC,RSI탈출,BB회귀,W패턴,STO_GC",SK하이닉스,5.76207333903791,9638969.355809093,SK하이닉스 | 카카오 | 삼성바이오로직스,2025-12
2025-12-22,SK텔레콤,6,4,"지지반등,BB회귀,W패턴,200일선,STO_GC,피보나치",SK텔레콤,0.8787416514479673,10189442.946543956,SK텔레콤 | NAVER | 메리츠금융지주,2025-12
2025-12-23,NAVER,5,1,"RSI탈출,BB회귀,200일선,STO_GC,피보나치",NAVER,0.7604582575319929,10085279.561725665,NAVER | 삼성생명 | 메리츠금융지주,2025-12
2025-12-24,SK텔레콤,6,3,"지지반등,BB회귀,W패턴,200일선,STO_GC,피보나치",SK텔레콤,-0.42016572495868765,10080933.351413153,SK텔레콤 | SK하이닉스 | 삼성생명,2025-12
2025-12-26,SK하이닉스,5,2,"GC,MACD,BB회귀,W패턴,STO_GC",SK하이닉스,7.501069987370101e-07,10118914.01454604,SK하이닉스 | KB금융 | 카카오,2025-12
2025-12-29,SK하이닉스,5,1,"GC,MACD,BB회귀,W패턴,STO_GC",SK하이닉스,6.060602751322985,10750458.584047602,SK하이닉스 | 삼성바이오로직스 | 삼성전자,2025-12
2025-12-30,SK텔레콤,7,3,"지지반등,RSI탈출,BB회귀,W패턴,200일선,STO_GC,피보나치",SK텔레콤,1.4285668395604079,10771342.81205561,SK텔레콤 | 메리츠금융지주 | 하나금융지주,2025-12
2026-01-02,NAVER,6,0,"RSI탈출,MACD,BB회귀,W패턴,STO_GC,피보나치",NAVER,0.5639077880555954,10898994.297202848,NAVER | SK텔레콤 | 메리츠금융지주,2026-01
2026-01-05,카카오,7,0,"GC,RSI탈출,MACD,BB회귀,W패턴,STO_GC,피보나치",카카오,2.053389633008962,10991832.855110036,카카오 | NAVER | 셀트리온,2026-01
2026-01-06,NAVER,7,0,"GC,RSI탈출,MACD,BB회귀,W패턴,STO_GC,피보나치",NAVER,1.3277819066459529e-06,11371491.553477934,NAVER | 카카오 | SK,2026-01
2026-01-07,SK,7,0,"GC,RSI탈출,MACD,BB회귀,거래량돌파,W패턴,STO_GC",SK,3.4068154303166454,11140981.395485247,SK | NAVER | 한국전력,2026-01
2026-01-08,기아,6,1,"GC,MACD,BB회귀,거래량돌파,W패턴,STO_GC",기아,-2.105257177319364,10489852.322844988,기아 | 현대차 | 삼성물산,2026-01
2026-01-09,셀트리온,5,1,"GC,MACD,BB회귀,W패턴,STO_GC",셀트리온,-3.511454761624977,10838259.325907769,셀트리온 | 삼성전기 | 삼성물산,2026-01
2026-01-12,현대차,7,2,"GC,RSI탈출,MACD,BB회귀,거래량돌파,W패턴,STO_GC",현대차,3.7735844676152652,10517405.668487689,현대차 | NAVER | SK,2026-01
2026-01-13,SK이노베이션,6,0,"지지반등,RSI탈출,MACD,BB회귀,200일선,STO_GC",SK이노베이션,-0.6527416193830682,11120025.880044099,SK이노베이션 | 현대차 | LG에너지솔루션,2026-01
2026-01-14,POSCO홀딩스,6,0,"GC,MACD,BB회귀,거래량돌파,W패턴,STO_GC",POSCO홀딩스,2.9097963142580063,10927414.646026231,POSCO홀딩스 | LG에너지솔루션 | LG화학,2026-01
2026-01-15,SK텔레콤,6,0,"GC,MACD,BB회귀,W패턴,200일선,피보나치",SK텔레콤,-0.1418430353287814,11117237.957261894,SK텔레콤 | 현대차 | SK,2026-01
2026-01-16,LG에너지솔루션,7,0,"GC,RSI탈출,MACD,BB회귀,W패턴,STO_GC,피보나치",LG에너지솔루션,1.2750494002769397,11149018.504287723,LG에너지솔루션 | 삼성SDI | LG화학,2026-01
2026-01-19,고려아연,5,0,"GC,RSI탈출,MACD,BB회귀,STO_GC",고려아연,-1.1421319796954266,10765259.85734035,고려아연 | LG | 한국전력,2026-01
2026-01-20,LG에너지솔루션,7,0,"GC,RSI탈출,MACD,BB회귀,W패턴,STO_GC,피보나치",LG에너지솔루션,-5.192424181307043,10682458.490556883,LG에너지솔루션 | LG화학 | SK이노베이션,2026-01
2026-01-21,HMM,8,2,"GC,RSI탈출,MACD,BB회귀,W패턴,200일선,STO_GC,피보나치",HMM,-0.6281407035175879,10235021.832347928,HMM | LG에너지솔루션 | LG화학,2026-01
2026-01-22,우리금융지주,5,1,"GC,MACD,BB회귀,W패턴,STO_GC",우리금융지주,-1.9464661411621398,10415615.323080085,우리금융지주 | 고려아연 | KB금융,2026-01
2026-01-23,SK이노베이션,7,1,"GC,RSI탈출,MACD,BB회귀,W패턴,STO_GC,피보나치",SK이노베이션,1.5734254720222385,10049863.240014255,SK이노베이션 | LG에너지솔루션 | 삼성SDI,2026-01
2026-01-26,기업은행,6,0,"GC,RSI탈출,MACD,BB회귀,W패턴,STO_GC",기업은행,-2.4347826086956514,10050577.003313884,기업은행 | KT&G | LG,2026-01
2026-01-27,카카오,6,1,"GC,MACD,BB회귀,W패턴,STO_GC,피보나치",카카오,1.7206137625791484e-06,10206447.050350733,카카오 | 메리츠금융지주 | NAVER,2026-01
2026-01-28,메리츠금융지주,7,0,"GC,MACD,BB회귀,W패턴,200일선,STO_GC,피보나치",메리츠금융지주,1.7915291007950973,10306436.857425911,메리츠금융지주 | 기업은행 | 카카오,2026-01
2026-01-29,메리츠금융지주,7,0,"GC,MACD,BB회귀,W패턴,200일선,STO_GC,피보나치",메리츠금융지주,0.0,10318924.35742591,메리츠금융지주 | 기업은행 | LG,2026-01
2026-01-30,메리츠금융지주,7,1,"GC,MACD,BB회귀,W패턴,200일선,STO_GC,피보나치",메리츠금융지주,0.1818181818181719,10792406.037425907,메리츠금융지주 | 기업은행 | KT&G,2026-01
2026-02-02,메리츠금융지주,6,1,"GC,MACD,BB회귀,W패턴,200일선,피보나치",메리츠금융지주,4.446460980036293,10841650.877425907,메리츠금융지주 | KT&G | 기업은행,2026-02
2026-02-03,메리츠금융지주,5,1,"GC,MACD,BB회귀,200일선,피보나치",메리츠금융지주,4.257167680278018,11018658.877425905,메리츠금융지주 | KT&G | 기업은행,2026-02
2026-02-04,NAVER,5,2,"GC,MACD,BB회귀,W패턴,STO_GC",NAVER,-0.7499999999999951,10886621.307936477,NAVER | 카카오 | 삼성전기,2026-02
2026-02-05,HMM,6,2,"GC,MACD,BB회귀,W패턴,200일선,STO_GC",HMM,-1.3157937027406086,10728183.35013908,HMM | 기업은행 | KT&G,2026-02
2026-02-06,기업은행,3,1,"GC,BB회귀,W패턴",기업은행,-1.960791279375973,10661433.330148399,기업은행 | KT&G | 셀트리온,2026-02
2026-02-09,셀트리온,5,2,"GC,RSI탈출,BB회귀,W패턴,STO_GC",셀트리온,2.197804710030282,10990610.949675757,셀트리온 | KT&G | 하나금융지주,2026-02
2026-02-10,셀트리온,6,2,"GC,RSI탈출,MACD,BB회귀,W패턴,STO_GC",셀트리온,1.33333226388892,10846591.864597633,셀트리온 | HMM | 삼성바이오로직스,2026-02
2026-02-11,HMM,7,2,"GC,MACD,BB회귀,W패턴,200일선,STO_GC,피보나치",HMM,1.7543821776893287,10754807.08338554,HMM | SK이노베이션 | LG화학,2026-02
2026-02-12,셀트리온,6,2,"GC,RSI탈출,MACD,BB회귀,W패턴,STO_GC",셀트리온,-1.8518512143351096,10806491.168548768,셀트리온 | 삼성바이오로직스 | SK이노베이션,2026-02
2026-02-13,HMM,7,2,"GC,MACD,BB회귀,W패턴,200일선,STO_GC,피보나치",HMM,1.4675029336919998,11093354.368378943,HMM | LG화학 | 기아,2026-02
2026-02-19,HMM,7,2,"GC,MACD,BB회귀,W패턴,200일선,STO_GC,피보나치",HMM,7.092203208698411,11712688.602142544,HMM | 셀트리온 | 기아,2026-02
2026-02-20,기아,6,2,"GC,RSI탈출,MACD,BB회귀,W패턴,STO_GC",기아,2.6490031029238637,12087366.200537864,기아 | LG화학 | 현대차,2026-02
2026-02-23,LG화학,6,0,"GC,MACD,BB회귀,W패턴,STO_GC,피보나치",LG화학,2.8218720378609063,12043529.998789553,LG화학 | 삼성바이오로직스 | 기아,2026-02
2026-02-24,기아,6,2,"GC,RSI탈출,MACD,BB회귀,W패턴,STO_GC",기아,-1.179945443263375,12301199.591925982,기아 | 현대차 | 셀트리온,2026-02
2026-02-25,삼성바이오로직스,7,1,"RSI탈출,MACD,BB회귀,W패턴,200일선,STO_GC,피보나치",삼성바이오로직스,2.628504594402581,12426855.183080297,삼성바이오로직스 | LG화학 | LG에너지솔루션,2026-02
2026-02-26,LG에너지솔루션,6,1,"GC,MACD,BB회귀,W패턴,STO_GC,피보나치",LG에너지솔루션,0.29019152640743506,12273036.483080296,LG에너지솔루션 | 삼성바이오로직스 | 기아,2026-02
2026-02-27,삼성바이오로직스,6,0,"GC,RSI탈출,MACD,BB회귀,W패턴,피보나치",삼성바이오로직스,-2.665121668597914,12158168.483080294,삼성바이오로직스 | LG에너지솔루션 | 현대모비스,2026-02
2026-03-03,카카오,7,0,"GC,RSI탈출,MACD,BB회귀,W패턴,STO_GC,피보나치",카카오,0.8522727272727293,11181464.426525172,카카오 | 삼성바이오로직스 | LG화학,2026-03
2026-03-04,고려아연,4,2,"GC,MACD,W패턴,STO_GC",고려아연,-12.643676119070403,9475154.362318804,고려아연 | 기아 | LG화학,2026-03
2026-03-05,고려아연,3,4,"GC,MACD,STO_GC",고려아연,-3.243241581434031,10087333.6461221,고려아연 | LG에너지솔루션 | 카카오,2026-03
2026-03-06,삼성바이오로직스,6,4,"GC,RSI탈출,MACD,BB회귀,200일선,STO_GC",삼성바이오로직스,-2.905026430947899,10142647.763961283,삼성바이오로직스 | 고려아연 | LG에너지솔루션,2026-03
2026-03-09,카카오,5,4,"GC,RSI탈출,MACD,BB회귀,STO_GC",카카오,-3.4696406443618377,9662414.198961282,카카오 | LG화학 | 현대모비스,2026-03
2026-03-10,삼성바이오로직스,3,5,"GC,MACD,STO_GC",삼성바이오로직스,3.3932135728542923,9631068.328961281,삼성바이오로직스 | 카카오 | 현대모비스,2026-03
2026-03-11,삼성바이오로직스,6,4,"GC,RSI탈출,MACD,BB회귀,200일선,STO_GC",삼성바이오로직스,-0.48840048840048667,9998574.32896128,삼성바이오로직스 | 카카오 | LG에너지솔루션,2026-03
2026-03-12,삼성바이오로직스,7,4,"GC,RSI탈출,BB회귀,W패턴,200일선,STO_GC,피보나치",삼성바이오로직스,1.2269938650306678,9783804.328961277,삼성바이오로직스 | 고려아연 | HMM,2026-03
2026-03-13,LG에너지솔루션,4,3,"BB회귀,W패턴,200일선,STO_GC",LG에너지솔루션,-3.6969696969696986,9520918.728961276,LG에너지솔루션 | SK이노베이션 | HMM,2026-03
2026-03-16,카카오,4,3,"GC,RSI탈출,BB회귀,STO_GC",카카오,-0.40540540540540126,9356991.743961275,카카오 | 한국전력 | NAVER,2026-03
2026-03-17,SK하이닉스,3,2,"GC,W패턴,STO_GC",SK하이닉스,0.39292730844793233,9151653.620184163,SK하이닉스 | KB금융 | SK텔레콤,2026-03
2026-03-18,LG에너지솔루션,4,2,"BB회귀,W패턴,200일선,STO_GC",LG에너지솔루션,-0.8919659596289264,9232856.480482457,LG에너지솔루션 | SK이노베이션 | 한국전력,2026-03
2026-03-19,SK이노베이션,6,2,"GC,RSI탈출,BB회귀,200일선,STO_GC,피보나치",SK이노베이션,-4.097311139564663,8876190.680482458,SK이노베이션 | 메리츠금융지주 | LG에너지솔루션,2026-03
2026-03-20,신한지주,3,0,"RSI탈출,BB회귀,W패턴",신한지주,0.08944543828264262,9170209.109698858,신한지주 | SK하이닉스 | KB금융,2026-03
2026-03-23,SK이노베이션,6,1,"GC,RSI탈출,BB회귀,200일선,STO_GC,피보나치",SK이노베이션,-1.981232245349207,8351651.300409596,SK이노베이션 | 기업은행 | LG에너지솔루션,2026-03
2026-03-24,삼성생명,3,2,"GC,MACD,STO_GC",삼성생명,-1.980198019801982,8370589.235409597,삼성생명 | SK하이닉스 | 삼성전자,2026-03
2026-03-25,LG에너지솔루션,5,0,"MACD,BB회귀,W패턴,200일선,STO_GC",LG에너지솔루션,2.1929824561403466,8801760.485409595,LG에너지솔루션 | NAVER | SK이노베이션,2026-03
2026-03-26,LG에너지솔루션,5,0,"MACD,BB회귀,W패턴,200일선,STO_GC",LG에너지솔루션,0.12755102040815647,8572899.985409593,LG에너지솔루션 | POSCO홀딩스 | LG화학,2026-03
2026-03-27,POSCO홀딩스,5,0,"RSI탈출,BB회귀,W패턴,STO_GC,피보나치",POSCO홀딩스,-4.713375796178343,8490256.549065378,POSCO홀딩스 | 메리츠금융지주 | LG에너지솔루션,2026-03
2026-03-30,LG에너지솔루션,6,1,"GC,MACD,BB회귀,W패턴,200일선,STO_GC",LG에너지솔루션,-1.6393486908493182,8813949.647802621,LG에너지솔루션 | 메리츠금융지주 | 삼성바이오로직스,2026-03
2026-03-31,LG화학,7,0,"GC,RSI탈출,MACD,BB회귀,W패턴,200일선,STO_GC",LG화학,6.982872200263501,8170326.79780262,LG화학 | POSCO홀딩스 | LG에너지솔루션,2026-03
2026-04-01,KT&G,5,0,"GC,RSI탈출,MACD,BB회귀,W패턴",KT&G,-1.4106583072100332,8553395.68780262,KT&G | LG에너지솔루션 | HMM,2026-04
2026-04-02,POSCO홀딩스,7,2,"GC,RSI탈출,MACD,BB회귀,W패턴,STO_GC,피보나치",POSCO홀딩스,-0.8109794135994997,8265988.637888763,POSCO홀딩스 | LG에너지솔루션 | LG화학,2026-04
2026-04-03,SK이노베이션,5,0,"MACD,W패턴,200일선,STO_GC,피보나치",SK이노베이션,-0.14285160107639916,8449864.9333988,SK이노베이션 | 삼성SDI | 삼성바이오로직스,2026-04
2026-04-06,LG화학,6,1,"GC,RSI탈출,MACD,BB회귀,200일선,STO_GC",LG화학,-0.25380710659898,8773838.323398799,LG화학 | 메리츠금융지주 | POSCO홀딩스,2026-04
2026-04-07,LG에너지솔루션,6,1,"GC,MACD,BB회귀,W패턴,STO_GC,피보나치",LG에너지솔루션,4.283360790774293,8751180.298398798,LG에너지솔루션 | LG | HMM,2026-04
2026-04-08,LG화학,6,1,"GC,MACD,BB회귀,W패턴,200일선,피보나치",LG화학,2.818627450980382,9026906.073398797,LG화학 | HMM | 삼성바이오로직스,2026-04
2026-04-09,HMM,7,0,"RSI탈출,MACD,BB회귀,W패턴,200일선,STO_GC,피보나치",HMM,3.3625730994152114,9306660.593398795,HMM | 한국전력 | 고려아연,2026-04
2026-04-10,HMM,8,0,"GC,RSI탈출,MACD,BB회귀,W패턴,200일선,STO_GC,피보나치",HMM,0.24154589371980784,9641278.355898792,HMM | 신한지주 | LG화학,2026-04
2026-04-13,HMM,8,0,"GC,RSI탈출,MACD,BB회귀,W패턴,200일선,STO_GC,피보나치",HMM,3.6144578313253017,9397126.330898792,HMM | SK | 고려아연,2026-04
2026-04-14,고려아연,6,0,"GC,RSI탈출,MACD,BB회귀,W패턴,STO_GC",고려아연,-1.1627906976744207,9150950.994663667,고려아연 | SK하이닉스 | 신한지주,2026-04
2026-04-15,기업은행,6,0,"GC,MACD,BB회귀,W패턴,STO_GC,피보나치",기업은행,-0.46976505989546613,9277955.433347968,기업은행 | 한국전력 | 현대차,2026-04
2026-04-16,기업은행,6,0,"GC,MACD,BB회귀,W패턴,STO_GC,피보나치",기업은행,-0.22075055187638082,9421441.083347967,기업은행 | HMM | KB금융,2026-04
2026-04-17,한국전력,7,0,"GC,RSI탈출,MACD,BB회귀,W패턴,200일선,STO_GC",한국전력,0.8849557522123908,9288340.438347965,한국전력 | NAVER | 기업은행,2026-04
2026-04-20,한국전력,7,0,"GC,RSI탈출,MACD,BB회귀,W패턴,200일선,STO_GC",한국전력,-0.9708737864077666,9307222.183347967,한국전력 | 기아 | 우리금융지주,2026-04
2026-04-21,한국전력,7,1,"GC,RSI탈출,MACD,BB회귀,W패턴,200일선,STO_GC",한국전력,0.7625272331154731,9265740.808347965,한국전력 | 기업은행 | SK,2026-04
2026-04-22,NAVER,6,1,"GC,RSI탈출,MACD,BB회귀,W패턴,STO_GC",NAVER,-1.8378378378378413,9082166.698347963,NAVER | 기아 | SK,2026-04
2026-04-23,셀트리온,5,1,"GC,BB회귀,W패턴,STO_GC,피보나치",셀트리온,2.55813953488373,9266719.162192494,셀트리온 | 기아 | NAVER,2026-04
2026-04-24,셀트리온,5,1,"GC,BB회귀,W패턴,STO_GC,피보나치",셀트리온,-0.4819247006096594,9379745.838712804,셀트리온 | 메리츠금융지주 | NAVER,2026-04
2026-04-27,셀트리온,5,1,"GC,BB회귀,W패턴,STO_GC,피보나치",셀트리온,1.4527833301699378,9134367.720831553,셀트리온 | 기업은행 | HMM,2026-04
2026-04-28,NAVER,3,2,"GC,BB회귀,STO_GC",NAVER,-3.102629354077724,9236711.378649522,NAVER | 기아 | POSCO홀딩스,2026-04
2026-04-29,셀트리온,4,1,"GC,BB회귀,W패턴,피보나치",셀트리온,3.480278422273786,9250283.181737801,셀트리온 | 기아 | 기업은행,2026-04
2026-04-30,기아,4,2,"GC,MACD,BB회귀,피보나치",기아,-1.4527833301699378,8994542.626104988,기아 | 기업은행 | 현대차,2026-04
2026-05-04,기업은행,3,1,"BB회귀,W패턴,피보나치",기업은행,0.5791505791505891,8935831.261104988,기업은행 | 하나금융지주 | KT&G,2026-05
2026-05-06,HMM,6,2,"RSI탈출,BB회귀,W패턴,200일선,STO_GC,피보나치",HMM,-3.2822757111597323,8787199.758604987,HMM | 삼성바이오로직스 | 메리츠금융지주,2026-05
2026-05-07,고려아연,5,3,"GC,MACD,BB회귀,W패턴,STO_GC",고려아연,-0.7194244604316502,7909308.231928805,고려아연 | 기아 | 현대차,2026-05
2026-05-08,HMM,6,2,"RSI탈출,BB회귀,W패턴,200일선,STO_GC,피보나치",HMM,-9.16904795183603,7957775.746446826,HMM | 기아 | 메리츠금융지주,2026-05
2026-05-11,기아,4,3,"GC,MACD,BB회귀,W패턴",기아,-1.6867469879518038,8060270.026446824,기아 | KB금융 | 삼성바이오로직스,2026-05
2026-05-12,기아,4,2,"GC,MACD,BB회귀,W패턴",기아,3.1103286384976503,7747280.966446824,기아 | SK텔레콤 | 고려아연,2026-05
2026-05-13,셀트리온,4,4,"지지반등,BB회귀,200일선,STO_GC",셀트리온,-5.2361980648833235,7399269.652165575,셀트리온 | SK텔레콤 | 기아,2026-05
2026-05-14,SK텔레콤,5,2,"GC,MACD,BB회귀,W패턴,STO_GC",SK텔레콤,-3.350256199834456,7226045.751667468,SK텔레콤 | 기아 | 현대차,2026-05
2026-05-15,셀트리온,5,3,"지지반등,RSI탈출,BB회귀,200일선,STO_GC",셀트리온,-1.8112445109973674,6987962.19745444,셀트리온 | 고려아연 | 메리츠금융지주,2026-05
2026-05-18,SK텔레콤,4,5,"GC,MACD,W패턴,STO_GC",SK텔레콤,-3.7851611966576604,6832314.531406644,SK텔레콤 | 고려아연 | 기아,2026-05
2026-05-19,HMM,5,1,"지지반등,BB회귀,W패턴,200일선,STO_GC",HMM,-3.1311144728701223,6638979.176962025,HMM | SK텔레콤 | 메리츠금융지주,2026-05
2026-05-20,SK텔레콤,4,4,"GC,MACD,W패턴,STO_GC",SK텔레콤,-0.5486284289276777,6564078.38295007,SK텔레콤 | 메리츠금융지주 | 고려아연,2026-05
2026-05-21,SK텔레콤,5,3,"GC,MACD,BB회귀,W패턴,STO_GC",SK텔레콤,2.911641666527176,6860710.133565266,SK텔레콤 | 현대모비스 | KT&G,2026-05
2026-05-22,HMM,5,0,"RSI탈출,BB회귀,W패턴,200일선,STO_GC",HMM,7.60975609756096,7396199.721296426,HMM | 셀트리온 | 우리금융지주,2026-05
2026-05-26,HMM,6,0,"RSI탈출,BB회귀,W패턴,200일선,STO_GC,피보나치",HMM,2.211302211302213,7271580.441296425,HMM | 셀트리온 | 우리금융지주,2026-05
2026-05-27,삼성바이오로직스,4,0,"RSI탈출,MACD,BB회귀,STO_GC",삼성바이오로직스,-3.125,7082016.413796424,삼성바이오로직스 | LG에너지솔루션 | LG,2026-05
2026-05-28,SK,3,2,"MACD,BB회귀,W패턴",SK,-1.5547703180212036,6991027.663796424,SK | 셀트리온 | 삼성전자,2026-05
2026-05-29,삼성SDI,4,1,"RSI탈출,BB회귀,W패턴,STO_GC",삼성SDI,2.3668639053254337,7335129.663796423,삼성SDI | LG화학 | NAVER,2026-05
2026-06-01,NAVER,8,0,"GC,RSI탈출,MACD,BB회귀,W패턴,200일선,STO_GC,피보나치",NAVER,-0.14705882352941124,7803476.963796422,NAVER | 셀트리온 | 삼성SDI,2026-06
2026-06-02,NAVER,6,0,"GC,RSI탈출,MACD,BB회귀,W패턴,STO_GC",NAVER,13.545816733067738,8037122.963796422,NAVER | HMM | 카카오,2026-06
2026-06-04,NAVER,6,0,"GC,RSI탈출,MACD,BB회귀,W패턴,STO_GC",NAVER,-6.140350877192979,7655895.963796422,NAVER | LG에너지솔루션 | 우리금융지주,2026-06
2026-06-05,HMM,6,1,"지지반등,RSI탈출,MACD,BB회귀,200일선,STO_GC",HMM,-4.859813084112153,7194306.329296421,HMM | KB금융 | 신한지주,2026-06
2026-06-08,기업은행,7,0,"지지반등,RSI탈출,MACD,BB회귀,W패턴,200일선,STO_GC",기업은행,-5.948144382308085,6896056.804296421,기업은행 | KB금융 | 신한지주,2026-06
2026-06-09,NAVER,4,1,"GC,MACD,BB회귀,W패턴",NAVER,1.74563591022443,6235114.804296421,NAVER | SK텔레콤 | LG에너지솔루션,2026-06
2026-06-10,기업은행,7,0,"지지반등,RSI탈출,MACD,BB회귀,W패턴,200일선,STO_GC",기업은행,-14.335664335664333,6064083.229296421,기업은행 | LG에너지솔루션 | 메리츠금융지주,2026-06
2026-06-11,기업은행,6,0,"RSI탈출,MACD,BB회귀,W패턴,200일선,STO_GC",기업은행,1.4669926650366705,6064546.09179642,기업은행 | 한국전력 | 메리츠금융지주,2026-06
2026-06-12,기업은행,7,0,"GC,RSI탈출,MACD,BB회귀,W패턴,200일선,STO_GC",기업은행,1.9277108433734869,6295490.85929642,기업은행 | 우리금융지주 | 카카오,2026-06
2026-06-15,메리츠금융지주,7,0,"GC,RSI탈출,MACD,BB회귀,W패턴,200일선,STO_GC",메리츠금융지주,4.964539007092195,6465586.749296418,메리츠금융지주 | 기업은행 | LG에너지솔루션,2026-06
2026-06-16,HMM,7,0,"RSI탈출,MACD,BB회귀,W패턴,200일선,STO_GC,피보나치",HMM,0.9082652134423164,6774669.541796418,HMM | 우리금융지주 | 기업은행,2026-06
2026-06-17,HMM,7,0,"GC,RSI탈출,MACD,BB회귀,거래량돌파,W패턴,STO_GC",HMM,4.0380047505938155,6744056.691796417,HMM | 메리츠금융지주 | LG화학,2026-06
2026-06-18,셀트리온,6,1,"RSI탈출,MACD,BB회귀,W패턴,200일선,STO_GC",셀트리온,0.0,6682908.526796417,셀트리온 | LG에너지솔루션 | 한국전력,2026-06
2026-06-19,삼성바이오로직스,5,1,"GC,RSI탈출,MACD,BB회귀,STO_GC",삼성바이오로직스,-0.11547344110854896,6373109.2267964175,삼성바이오로직스 | 삼성전자 | 한국전력,2026-06
2026-06-22,LG에너지솔루션,6,2,"MACD,BB회귀,W패턴,200일선,STO_GC,피보나치",LG에너지솔루션,-4.715672676837723,6030375.951796416,LG에너지솔루션 | SK | 삼성물산,2026-06
2026-06-23,한국전력,5,1,"GC,MACD,BB회귀,W패턴,STO_GC",한국전력,-4.907975460122705,5693722.401796416,한국전력 | 삼성물산 | SK,2026-06
2026-06-24,한국전력,3,2,"GC,MACD,STO_GC",한국전력,-4.805194805194802,5758893.5842964165,한국전력 | KB금융 | 삼성생명,2026-06
2026-06-25,삼성바이오로직스,5,1,"GC,RSI탈출,MACD,BB회귀,STO_GC",삼성바이오로직스,3.4106412005457054,5936752.124296416,삼성바이오로직스 | 기아 | LG화학,2026-06
2026-06-26,기아,6,4,"GC,지지반등,MACD,BB회귀,200일선,STO_GC",기아,1.3015184381778733,5859112.134296415,기아 | 삼성바이오로직스 | KB금융,2026-06
2026-06-29,SK,3,3,"GC,MACD,W패턴",SK,-2.026049204052094,5640038.654296415,SK | 삼성바이오로직스 | LG화학,2026-06
2026-06-30,LG에너지솔루션,7,1,"RSI탈출,MACD,BB회귀,W패턴,200일선,STO_GC,피보나치",LG에너지솔루션,-4.294478527607359,5179477.504296415,LG에너지솔루션 | 셀트리온 | 기아,2026-06
2026-07-01,SK,4,1,"GC,MACD,BB회귀,W패턴",SK,-6.385696040868449,4756688.054296413,SK | 셀트리온 | KB금융,2026-07
2026-07-02,셀트리온,5,1,"GC,RSI탈출,MACD,BB회귀,STO_GC",셀트리온,-15.320665083135388,4496835.604296413,셀트리온 | 기아 | 삼성SDI,2026-07
2026-07-03,셀트리온,6,1,"GC,RSI탈출,MACD,BB회귀,200일선,STO_GC",셀트리온,5.2119129438717104,4661272.854296412,셀트리온 | KB금융 | 메리츠금융지주,2026-07
2026-07-06,셀트리온,6,1,"GC,RSI탈출,MACD,BB회귀,200일선,STO_GC",셀트리온,-0.16330974414806576,4458227.354296412,셀트리온 | KB금융 | 신한지주,2026-07
