date,side,tic,name,qty,price,buy_hit,signals,reason,amount,pnl_pct,hold_days
2024-06-14,BUY,373220,LG에너지솔루션,5,363000.0,6.0,"GC,RSI탈출,MACD,BB회귀,STO_GC,피보나치",TOP5 1/5 배분,1815000.0,,
2024-06-14,BUY,012330,현대모비스,9,211977.15096507352,6.0,"RSI탈출,MACD,BB회귀,200일선,STO_GC,피보나치",TOP5 1/5 배분,1907794.3586856618,,
2024-06-14,BUY,005930,삼성전자,26,76555.89883008794,6.0,"RSI탈출,MACD,BB회귀,W패턴,STO_GC,피보나치",TOP5 1/5 배분,1990453.3695822866,,
2024-06-14,BUY,035720,카카오,46,43124.36087432375,5.0,"지지반등,RSI탈출,MACD,BB회귀,STO_GC",TOP5 1/5 배분,1983720.6002188926,,
2024-06-14,BUY,096770,SK이노베이션,19,102738.79156892314,4.0,"RSI탈출,MACD,BB회귀,STO_GC",TOP5 1/5 배분,1952037.0398095397,,
2024-06-28,SELL,373220,LG에너지솔루션,5,326700.0,,,손절-10%,,-9.999999999999998,10.0
2024-06-28,BUY,028260,삼성물산,2,134151.05528169015,7.0,"GC,RSI탈출,MACD,BB회귀,W패턴,STO_GC,피보나치",TOP5 1/5 배분,268302.1105633803,,
2024-06-28,BUY,086790,하나금융지주,7,55289.3515625,6.0,"GC,RSI탈출,MACD,BB회귀,W패턴,STO_GC",TOP5 1/5 배분,387025.4609375,,
2024-06-28,BUY,138040,메리츠금융지주,5,74867.79196626107,6.0,"GC,지지반등,RSI탈출,MACD,BB회귀,STO_GC",TOP5 1/5 배분,374338.9598313053,,
2024-06-28,BUY,033780,KT&G,4,79500.28412875567,6.0,"GC,지지반등,BB회귀,W패턴,200일선,피보나치",TOP5 1/5 배분,318001.13651502266,,
2024-06-28,BUY,017670,SK텔레콤,8,47909.6953125,6.0,"GC,MACD,BB회귀,W패턴,200일선,STO_GC",TOP5 1/5 배분,383277.5625,,
2024-07-23,SELL,035720,카카오,46,38811.92478689137,,,손절-10%,,-9.999999999999998,27.0
2024-07-23,BUY,033780,KT&G,4,85238.36819124733,3.0,"BB회귀,거래량돌파,W패턴",TOP5 1/5 배분,340953.4727649893,,
2024-07-23,BUY,086790,하나금융지주,6,58295.19747235387,3.0,"GC,BB회귀,W패턴",TOP5 1/5 배분,349771.18483412324,,
2024-07-23,BUY,096770,SK이노베이션,3,105783.63208626761,3.0,"GC,MACD,STO_GC",TOP5 1/5 배분,317350.89625880285,,
2024-07-23,BUY,068270,셀트리온,2,166533.36134276853,2.0,"BB회귀,W패턴",TOP5 1/5 배분,333066.72268553707,,
2024-07-23,BUY,035420,NAVER,2,171350.7327080891,2.0,"GC,BB회귀",TOP5 1/5 배분,342701.4654161782,,
2024-08-05,SELL,005930,삼성전자,26,68900.30894707915,,,손절-10%,,-10.000000000000009,36.0
2024-08-05,SELL,096770,SK이노베이션,22,92838.59738461403,,,손절-10%,,-9.999999999999998,36.0
2024-08-05,SELL,086790,하나금융지주,13,51008.99855342007,,,손절-10%,,-10.000000000000009,26.0
2024-08-05,SELL,068270,셀트리온,2,149880.0252084917,,,손절-10%,,-9.999999999999998,9.0
2024-08-05,SELL,035420,NAVER,2,154215.6594372802,,,손절-10%,,-9.999999999999998,9.0
2024-08-05,BUY,011200,HMM,63,17211.7100851073,4.0,"GC,MACD,W패턴,STO_GC",TOP5 1/5 배분,1084337.73536176,,
2024-08-05,BUY,003550,LG,14,77177.29525448143,4.0,"GC,MACD,W패턴,STO_GC",TOP5 1/5 배분,1080482.13356274,,
2024-08-05,BUY,373220,LG에너지솔루션,3,332500.0,3.0,"RSI탈출,BB회귀,STO_GC",TOP5 1/5 배분,997500.0,,
2024-08-05,BUY,086790,하나금융지주,20,54196.317274305555,3.0,"GC,MACD,STO_GC",TOP5 1/5 배분,1083926.345486111,,
2024-08-05,BUY,316140,우리금융지주,82,13255.910696921941,3.0,"MACD,W패턴,STO_GC",TOP5 1/5 배분,1086984.6771475992,,
2024-08-06,SELL,011200,HMM,63,15470.775813443122,,,손절(갭)-10.1%,,-10.114824518050359,1.0
2024-08-06,BUY,086790,하나금융지주,4,53558.7100724481,3.0,"GC,MACD,STO_GC",TOP5 1/5 배분,214234.8402897924,,
2024-08-06,BUY,011200,HMM,13,15470.775813443122,3.0,"GC,MACD,STO_GC",TOP5 1/5 배분,201120.0855747606,,
2024-08-06,BUY,138040,메리츠금융지주,2,77142.50968832454,3.0,"GC,MACD,STO_GC",TOP5 1/5 배분,154285.01937664908,,
2024-08-06,BUY,015760,한국전력,11,18012.224342105263,3.0,"GC,MACD,STO_GC",TOP5 1/5 배분,198134.46776315788,,
2024-08-06,BUY,003550,LG,2,76624.72229381444,3.0,"GC,MACD,STO_GC",TOP5 1/5 배분,153249.44458762888,,
2024-09-30,SELL,138040,메리츠금융지주,7,97812.74295185375,,,익절+30%(익일시가),,29.522917535609494,61.0
2024-09-30,BUY,024110,기업은행,13,12672.022033822477,6.0,"GC,RSI탈출,MACD,BB회귀,W패턴,STO_GC",TOP5 1/5 배분,164736.2864396922,,
2024-09-30,BUY,105560,KB금융,2,80645.74357810568,5.0,"RSI탈출,MACD,BB회귀,W패턴,STO_GC",TOP5 1/5 배분,161291.48715621137,,
2024-09-30,BUY,011200,HMM,9,17851.620268441377,5.0,"GC,RSI탈출,MACD,BB회귀,W패턴",TOP5 1/5 배분,160664.5824159724,,
2024-09-30,BUY,015760,한국전력,8,19928.416818734793,5.0,"RSI탈출,BB회귀,200일선,STO_GC,피보나치",TOP5 1/5 배분,159427.33454987835,,
2024-10-10,SELL,373220,LG에너지솔루션,3,432000.0,,,익절+30%(익일시가),,29.9248120300752,40.0
2024-10-10,BUY,105560,KB금융,3,84540.29346843716,6.0,"GC,RSI탈출,MACD,BB회귀,W패턴,STO_GC",TOP5 1/5 배분,253620.88040531147,,
2024-10-10,BUY,024110,기업은행,23,12574.13422316795,4.0,"GC,MACD,BB회귀,W패턴",TOP5 1/5 배분,289205.0871328628,,
2024-10-10,BUY,011200,HMM,18,16167.149669346472,4.0,"GC,BB회귀,200일선,피보나치",TOP5 1/5 배분,291008.6940482365,,
2024-10-10,BUY,035420,NAVER,1,165343.60928436776,3.0,"GC,BB회귀,피보나치",TOP5 1/5 배분,165343.60928436776,,
2024-10-11,SELL,033780,KT&G,8,102082.44089408024,,,익절+30%(익일시가),,23.932591964861082,67.0
2024-10-11,BUY,105560,KB금융,3,85395.19949685104,6.0,"GC,RSI탈출,MACD,BB회귀,W패턴,STO_GC",TOP5 1/5 배분,256185.59849055312,,
2024-10-11,BUY,086790,하나금융지주,4,57035.3984375,6.0,"GC,RSI탈출,MACD,BB회귀,W패턴,STO_GC",TOP5 1/5 배분,228141.59375,,
2024-10-11,BUY,055550,신한지주,4,54530.98826086957,5.0,"GC,MACD,BB회귀,W패턴,STO_GC",TOP5 1/5 배분,218123.95304347828,,
2024-10-11,BUY,009150,삼성전기,2,127467.08304242103,5.0,"GC,지지반등,BB회귀,W패턴,STO_GC",TOP5 1/5 배분,254934.16608484206,,
2024-10-11,BUY,033780,KT&G,2,102082.44089408024,4.0,"RSI탈출,BB회귀,W패턴,STO_GC",TOP5 1/5 배분,204164.88178816048,,
2024-10-25,SELL,003550,LG,16,69397.40127095825,,,손절-10%,,-9.999999999999998,52.0
2024-10-25,SELL,009150,삼성전기,2,114720.37473817893,,,손절-10%,,-9.999999999999998,10.0
2024-10-25,BUY,015760,한국전력,13,21892.51617752878,6.0,"GC,RSI탈출,MACD,BB회귀,W패턴,STO_GC",TOP5 1/5 배분,284602.71030787413,,
2024-10-25,BUY,068270,셀트리온,1,160910.14231664911,6.0,"RSI탈출,MACD,BB회귀,200일선,STO_GC,피보나치",TOP5 1/5 배분,160910.14231664911,,
2024-10-25,BUY,033780,KT&G,2,100694.19130824372,5.0,"GC,MACD,BB회귀,W패턴,STO_GC",TOP5 1/5 배분,201388.38261648745,,
2024-10-25,BUY,017670,SK텔레콤,5,54456.75042119565,5.0,"GC,MACD,BB회귀,W패턴,STO_GC",TOP5 1/5 배분,272283.75210597826,,
2024-10-25,BUY,028260,삼성물산,2,128738.6154973525,5.0,"지지반등,RSI탈출,MACD,BB회귀,STO_GC",TOP5 1/5 배분,257477.230994705,,
2024-10-31,SELL,028260,삼성물산,4,118300.35185056919,,,손절-10%,,-9.999999999999998,82.0
2024-10-31,SELL,055550,신한지주,4,49077.88943478261,,,손절-10%,,-9.999999999999998,14.0
2024-10-31,BUY,003550,LG,2,71651.4747357992,6.0,"지지반등,RSI탈출,MACD,BB회귀,W패턴,STO_GC",TOP5 1/5 배분,143302.9494715984,,
2024-10-31,BUY,096770,SK이노베이션,1,117668.32660775128,4.0,"GC,MACD,W패턴,STO_GC",TOP5 1/5 배분,117668.32660775128,,
2024-10-31,BUY,017670,SK텔레콤,3,53041.06533840388,4.0,"GC,MACD,W패턴,STO_GC",TOP5 1/5 배분,159123.19601521164,,
2024-10-31,BUY,035420,NAVER,1,169479.66677389704,4.0,"BB회귀,200일선,STO_GC,피보나치",TOP5 1/5 배분,169479.66677389704,,
2024-11-07,SELL,096770,SK이노베이션,1,105901.49394697616,,,손절-10%,,-9.999999999999998,5.0
2024-11-07,BUY,055550,신한지주,1,53868.28127741228,4.0,"RSI탈출,MACD,BB회귀,STO_GC",TOP5 1/5 배분,53868.28127741228,,
2024-11-07,BUY,024110,기업은행,7,13090.27037334377,4.0,"GC,BB회귀,W패턴,STO_GC",TOP5 1/5 배분,91631.8926134064,,
2024-11-12,SELL,011200,HMM,40,14661.478363227607,,,손절(갭)-10.2%,,-10.161596512359338,63.0
2024-11-12,SELL,068270,셀트리온,1,144819.1280849842,,,손절-10%,,-9.999999999999998,12.0
2024-11-12,BUY,035420,NAVER,1,173024.8488492282,6.0,"GC,MACD,BB회귀,W패턴,200일선,STO_GC",TOP5 1/5 배분,173024.8488492282,,
2024-11-12,BUY,000270,기아,2,84749.3028257617,5.0,"GC,RSI탈출,MACD,BB회귀,STO_GC",TOP5 1/5 배분,169498.6056515234,,
2024-11-12,BUY,086790,하나금융지주,3,56851.41170857084,4.0,"RSI탈출,BB회귀,STO_GC,피보나치",TOP5 1/5 배분,170554.23512571253,,
2024-11-12,BUY,024110,기업은행,16,12921.191593035344,4.0,"GC,MACD,W패턴,STO_GC",TOP5 1/5 배분,206739.0654885655,,
2024-12-05,SELL,055550,신한지주,1,48481.453149671055,,,손절-10%,,-9.999999999999998,20.0
2024-12-05,BUY,035720,카카오,1,45567.24671378968,3.0,"GC,MACD,BB회귀",TOP5 1/5 배분,45567.24671378968,,
2024-12-19,SELL,035720,카카오,1,41010.52204241072,,,손절-10%,,-9.999999999999986,10.0
2024-12-19,BUY,003550,LG,1,69256.9609375,6.0,"GC,MACD,BB회귀,W패턴,STO_GC,피보나치",TOP5 1/5 배분,69256.9609375,,
2024-12-19,BUY,055550,신한지주,1,46105.195336489254,5.0,"지지반등,RSI탈출,BB회귀,200일선,STO_GC",TOP5 1/5 배분,46105.195336489254,,
2024-12-19,BUY,005930,삼성전자,1,51908.30258356874,5.0,"GC,MACD,BB회귀,W패턴,STO_GC",TOP5 1/5 배분,51908.30258356874,,
2025-02-05,SELL,035420,NAVER,3,219112.27961244542,,,익절+30%(익일시가),,29.435712489255206,76.0
2025-02-05,BUY,009150,삼성전기,1,132090.52191078244,7.0,"GC,MACD,BB회귀,W패턴,200일선,STO_GC,피보나치",TOP5 1/5 배분,132090.52191078244,,
2025-02-05,BUY,032830,삼성생명,1,91804.80060032895,6.0,"RSI탈출,MACD,BB회귀,200일선,STO_GC,피보나치",TOP5 1/5 배분,91804.80060032895,,
2025-02-05,BUY,086790,하나금융지주,3,56943.39881674757,6.0,"GC,BB회귀,W패턴,200일선,STO_GC,피보나치",TOP5 1/5 배분,170830.1964502427,,
2025-02-05,BUY,316140,우리금융지주,12,14299.509053367217,5.0,"지지반등,BB회귀,W패턴,200일선,피보나치",TOP5 1/5 배분,171594.1086404066,,
2025-02-05,BUY,003550,LG,2,66678.24419209431,5.0,"GC,지지반등,MACD,BB회귀,STO_GC",TOP5 1/5 배분,133356.48838418862,,
2025-02-13,SELL,105560,KB금융,8,75498.52118085854,,,손절-10%,,-9.999999999999998,88.0
2025-02-13,BUY,005930,삼성전자,2,54802.090557795695,6.0,"GC,RSI탈출,MACD,BB회귀,W패턴,STO_GC",TOP5 1/5 배분,109604.18111559139,,
2025-02-13,BUY,032830,삼성생명,1,87354.832578125,6.0,"GC,RSI탈출,MACD,BB회귀,200일선,피보나치",TOP5 1/5 배분,87354.832578125,,
2025-02-13,BUY,028260,삼성물산,1,119986.60973478618,5.0,"GC,MACD,BB회귀,W패턴,STO_GC",TOP5 1/5 배분,119986.60973478618,,
2025-02-13,BUY,086790,하나금융지주,2,56023.47379718441,4.0,"BB회귀,W패턴,200일선,피보나치",TOP5 1/5 배분,112046.94759436882,,
2025-02-13,BUY,035720,카카오,3,42226.97298662936,4.0,"GC,MACD,W패턴,STO_GC",TOP5 1/5 배분,126680.91895988808,,
2025-02-28,SELL,003550,LG,5,62264.95178279168,,,손절-10%,,-9.999999999999998,79.0
2025-02-28,BUY,000270,기아,1,83675.39909133583,6.0,"지지반등,RSI탈출,MACD,BB회귀,W패턴,STO_GC",TOP5 1/5 배분,83675.39909133583,,
2025-02-28,BUY,035720,카카오,2,43573.05463318366,5.0,"RSI탈출,MACD,BB회귀,W패턴,STO_GC",TOP5 1/5 배분,87146.10926636732,,
2025-03-11,SELL,032830,삼성생명,2,80486.40252707581,,,손절(갭)-10.2%,,-10.151186292163883,23.0
2025-03-11,BUY,000270,기아,1,86002.1981945503,7.0,"GC,RSI탈출,MACD,BB회귀,W패턴,STO_GC,피보나치",TOP5 1/5 배분,86002.1981945503,,
2025-03-11,BUY,035720,카카오,2,43838.57281923186,5.0,"GC,RSI탈출,MACD,BB회귀,STO_GC",TOP5 1/5 배분,87677.14563846371,,
2025-03-11,BUY,033780,KT&G,1,93258.24176432291,4.0,"지지반등,BB회귀,200일선,STO_GC",TOP5 1/5 배분,93258.24176432291,,
2025-03-25,SELL,012330,현대모비스,9,283203.78330373,,,익절+30%(익일시가),,33.601089558181755,186.0
2025-03-25,BUY,105560,KB금융,7,77707.76785714286,7.0,"GC,RSI탈출,MACD,BB회귀,W패턴,200일선,STO_GC",TOP5 1/5 배분,543954.375,,
2025-03-25,BUY,033780,KT&G,5,96537.22620002467,7.0,"GC,RSI탈출,MACD,BB회귀,W패턴,200일선,STO_GC",TOP5 1/5 배분,482686.13100012334,,
2025-03-25,BUY,055550,신한지주,12,46098.28405100868,5.0,"GC,MACD,BB회귀,W패턴,STO_GC",TOP5 1/5 배분,553179.4086121041,,
2025-03-25,BUY,316140,우리금융지주,35,16005.904073957718,5.0,"GC,MACD,BB회귀,W패턴,STO_GC",TOP5 1/5 배분,560206.6425885201,,
2025-03-25,BUY,373220,LG에너지솔루션,1,336500.0,5.0,"지지반등,RSI탈출,BB회귀,W패턴,STO_GC",TOP5 1/5 배분,336500.0,,
2025-04-04,SELL,009150,삼성전기,1,116433.87624406972,,,손절(갭)-11.9%,,-11.852966768719142,41.0
2025-04-04,BUY,015760,한국전력,4,20768.02177734375,5.0,"GC,BB회귀,200일선,STO_GC,피보나치",TOP5 1/5 배분,83072.087109375,,
2025-04-07,SELL,105560,KB금융,7,69936.99107142857,,,손절-10%,,-10.000000000000009,9.0
2025-04-07,BUY,015760,한국전력,8,20913.25327115813,6.0,"GC,RSI탈출,BB회귀,200일선,STO_GC,피보나치",TOP5 1/5 배분,167306.02616926504,,
2025-04-07,BUY,017670,SK텔레콤,3,52865.5676990161,5.0,"GC,BB회귀,W패턴,200일선,피보나치",TOP5 1/5 배분,158596.7030970483,,
2025-04-07,BUY,068270,셀트리온,1,152840.3682573628,5.0,"지지반등,BB회귀,200일선,STO_GC,피보나치",TOP5 1/5 배분,152840.3682573628,,
2025-04-09,SELL,086790,하나금융지주,36,49493.35396740569,,,손절-10%,,-9.999999999999998,162.0
2025-04-09,SELL,055550,신한지주,13,41488.934119518,,,손절-10%,,-9.999999999999998,71.0
2025-04-09,SELL,028260,삼성물산,1,107987.94876130756,,,손절-10%,,-9.999999999999998,38.0
2025-04-09,SELL,035720,카카오,7,38196.478773207426,,,손절(갭)-11.3%,,-11.31951906827674,38.0
2025-04-09,BUY,033780,KT&G,6,100298.42860647694,4.0,"BB회귀,W패턴,200일선,피보나치",TOP5 1/5 배분,601790.5716388617,,
2025-04-09,BUY,015760,한국전력,27,21881.459288194445,3.0,"GC,W패턴,STO_GC",TOP5 1/5 배분,590799.40078125,,
2025-04-09,BUY,005380,현대차,3,170091.8056530899,3.0,"지지반등,BB회귀,STO_GC",TOP5 1/5 배분,510275.41695926967,,
2025-04-09,BUY,005930,삼성전자,11,52376.21451945755,3.0,"BB회귀,STO_GC,피보나치",TOP5 1/5 배분,576138.3597140331,,
2025-04-09,BUY,373220,LG에너지솔루션,1,317000.0,3.0,"GC,MACD,STO_GC",TOP5 1/5 배분,317000.0,,
2025-05-16,SELL,373220,LG에너지솔루션,2,294075.0,,,손절-10%,,-9.999999999999998,35.0
2025-05-16,BUY,011200,HMM,9,21585.82129119009,6.0,"GC,RSI탈출,MACD,BB회귀,W패턴,STO_GC",TOP5 1/5 배분,194272.39162071078,,
2025-05-16,BUY,005930,삼성전자,3,56405.15561729753,4.0,"GC,MACD,W패턴,STO_GC",TOP5 1/5 배분,169215.4668518926,,
2025-05-16,BUY,009150,삼성전기,1,121190.3235815151,3.0,"GC,W패턴,STO_GC",TOP5 1/5 배분,121190.3235815151,,
2025-05-16,BUY,024110,기업은행,14,14762.45868243653,2.0,"BB회귀,W패턴",TOP5 1/5 배분,206674.42155411144,,
2025-05-16,BUY,035720,카카오,5,37597.31815570689,2.0,"MACD,STO_GC",TOP5 1/5 배분,187986.59077853445,,
2025-05-19,SELL,015760,한국전력,71,27206.592842209506,,,익절+30%(익일시가),,30.224051975340526,185.0
2025-05-19,BUY,011200,HMM,19,21925.37465354767,6.0,"GC,RSI탈출,MACD,BB회귀,W패턴,STO_GC",TOP5 1/5 배분,416582.11841740576,,
2025-05-19,BUY,009150,삼성전기,3,120001.21440037282,5.0,"GC,BB회귀,W패턴,STO_GC,피보나치",TOP5 1/5 배분,360003.64320111845,,
2025-05-19,BUY,000270,기아,4,87460.5434511612,4.0,"BB회귀,W패턴,200일선,피보나치",TOP5 1/5 배분,349842.1738046448,,
2025-05-19,BUY,015760,한국전력,15,27206.592842209506,4.0,"MACD,BB회귀,거래량돌파,W패턴",TOP5 1/5 배분,408098.8926331426,,
2025-05-26,SELL,068270,셀트리온,1,137556.33143162652,,,손절-10%,,-10.000000000000009,32.0
2025-05-26,BUY,035720,카카오,3,37347.66846955128,7.0,"지지반등,RSI탈출,MACD,BB회귀,W패턴,200일선,STO_GC",TOP5 1/5 배분,112043.00540865384,,
2025-05-26,BUY,138040,메리츠금융지주,1,109300.0,5.0,"지지반등,BB회귀,200일선,STO_GC,피보나치",TOP5 1/5 배분,109300.0,,
2025-05-26,BUY,011200,HMM,6,21440.29952315597,4.0,"GC,MACD,W패턴,STO_GC",TOP5 1/5 배분,128641.79713893581,,
2025-05-26,BUY,015760,한국전력,4,30546.903844021097,4.0,"MACD,BB회귀,거래량돌파,W패턴",TOP5 1/5 배분,122187.61537608439,,
2025-05-26,BUY,032830,삼성생명,1,88902.65038079054,3.0,"BB회귀,W패턴,200일선",TOP5 1/5 배분,88902.65038079054,,
2025-05-30,SELL,316140,우리금융지주,129,18652.043042739686,,,익절+30%(익일시가),,32.29232623999805,195.0
2025-05-30,BUY,009150,삼성전기,4,121685.79035392798,7.0,"GC,MACD,BB회귀,W패턴,200일선,STO_GC,피보나치",TOP5 1/5 배분,486743.1614157119,,
2025-05-30,BUY,035420,NAVER,2,186738.416325,6.0,"RSI탈출,MACD,BB회귀,W패턴,200일선,STO_GC",TOP5 1/5 배분,373476.83265,,
2025-05-30,BUY,035720,카카오,11,43588.92066744731,6.0,"GC,RSI탈출,MACD,BB회귀,W패턴,STO_GC",TOP5 1/5 배분,479478.1273419204,,
2025-05-30,BUY,012330,현대모비스,1,255178.4082880435,6.0,"RSI탈출,MACD,BB회귀,W패턴,STO_GC,피보나치",TOP5 1/5 배분,255178.4082880435,,
2025-05-30,BUY,006400,삼성SDI,2,172500.0,5.0,"RSI탈출,MACD,BB회귀,W패턴,STO_GC",TOP5 1/5 배분,345000.0,,
2025-06-09,SELL,032830,삼성생명,1,117633.9683908046,,,익절+30%(익일시가),,32.317729434332044,7.0
2025-06-09,BUY,017670,SK텔레콤,2,51579.0,8.0,"GC,RSI탈출,MACD,BB회귀,W패턴,200일선,STO_GC,피보나치",TOP5 1/5 배분,103158.0,,
2025-06-09,BUY,000270,기아,1,90430.18376180483,7.0,"GC,MACD,BB회귀,W패턴,200일선,STO_GC,피보나치",TOP5 1/5 배분,90430.18376180483,,
2025-06-09,BUY,096770,SK이노베이션,1,91900.0,6.0,"GC,RSI탈출,MACD,BB회귀,W패턴,STO_GC",TOP5 1/5 배분,91900.0,,
2025-06-16,SELL,035720,카카오,19,51228.21721540178,,,익절+30%(익일시가),,24.865488527297085,18.0
2025-06-16,BUY,035420,NAVER,1,208806.61030727922,6.0,"GC,MACD,BB회귀,W패턴,200일선,피보나치",TOP5 1/5 배분,208806.61030727922,,
2025-06-16,BUY,017670,SK텔레콤,5,53825.8125,5.0,"GC,BB회귀,W패턴,200일선,피보나치",TOP5 1/5 배분,269129.0625,,
2025-06-16,BUY,011200,HMM,11,24253.731433256173,4.0,"MACD,BB회귀,W패턴,STO_GC",TOP5 1/5 배분,266791.0457658179,,
2025-06-20,SELL,035420,NAVER,3,246411.60111317254,,,익절+30%(익일시가),,26.954460457456886,12.0
2025-06-20,BUY,005380,현대차,1,202035.84761904762,3.0,"GC,BB회귀,200일선",TOP5 1/5 배분,202035.84761904762,,
2025-06-20,BUY,024110,기업은행,16,16491.911204543812,3.0,"MACD,BB회귀,W패턴",TOP5 1/5 배분,263870.579272701,,
2025-06-20,BUY,035420,NAVER,1,246411.60111317254,2.0,"GC,BB회귀",TOP5 1/5 배분,246411.60111317254,,
2025-06-20,BUY,032830,삼성생명,2,120149.17415978773,2.0,"BB회귀,W패턴",TOP5 1/5 배분,240298.34831957545,,
2025-06-26,SELL,024110,기업은행,89,18001.59949547786,,,익절+30%(익일시가),,31.01629376669539,176.0
2025-06-26,SELL,015760,한국전력,19,35436.347059729065,,,익절+30%(익일시가),,26.967325015015643,25.0
2025-06-26,BUY,015760,한국전력,15,35436.347059729065,6.0,"GC,RSI탈출,MACD,BB회귀,W패턴,STO_GC",TOP5 1/5 배분,531545.205895936,,
2025-06-26,BUY,138040,메리츠금융지주,4,113300.0,5.0,"RSI탈출,MACD,BB회귀,STO_GC,피보나치",TOP5 1/5 배분,453200.0,,
2025-06-26,BUY,005930,삼성전자,9,60237.56000830565,3.0,"BB회귀,거래량돌파,W패턴",TOP5 1/5 배분,542138.0400747508,,
2025-06-26,BUY,005490,POSCO홀딩스,2,264714.3719626168,3.0,"BB회귀,W패턴,피보나치",TOP5 1/5 배분,529428.7439252336,,
2025-06-26,BUY,000660,SK하이닉스,1,293274.4766958191,2.0,"BB회귀,W패턴",TOP5 1/5 배분,293274.4766958191,,
2025-07-01,SELL,096770,SK이노베이션,1,121700.0,,,익절+30%(익일시가),,32.42655059847661,15.0
2025-07-01,BUY,015760,한국전력,2,37566.40106225297,6.0,"GC,RSI탈출,MACD,BB회귀,W패턴,STO_GC",TOP5 1/5 배분,75132.80212450594,,
2025-07-07,SELL,000660,SK하이닉스,1,263947.0290262372,,,손절-10%,,-9.999999999999998,7.0
2025-07-07,BUY,011200,HMM,5,23817.164119466146,5.0,"GC,MACD,BB회귀,W패턴,STO_GC",TOP5 1/5 배분,119085.82059733073,,
2025-07-07,BUY,015760,한국전력,3,36452.96292757601,3.0,"GC,MACD,BB회귀",TOP5 1/5 배분,109358.88878272803,,
2025-07-08,SELL,033780,KT&G,16,133666.93971886617,,,익절+30%(익일시가),,35.077809814048045,178.0
2025-07-08,BUY,068270,셀트리온,3,168817.4700825024,5.0,"GC,MACD,BB회귀,W패턴,STO_GC",TOP5 1/5 배분,506452.4102475072,,
2025-07-08,BUY,373220,LG에너지솔루션,1,314000.0,4.0,"BB회귀,W패턴,STO_GC,피보나치",TOP5 1/5 배분,314000.0,,
2025-07-08,BUY,138040,메리츠금융지주,4,115100.0,4.0,"GC,MACD,BB회귀,피보나치",TOP5 1/5 배분,460400.0,,
2025-07-08,BUY,055550,신한지주,8,63910.47863924051,3.0,"MACD,BB회귀,W패턴",TOP5 1/5 배분,511283.82911392406,,
2025-07-31,SELL,005930,삼성전자,26,72174.78017769607,,,익절+30%(익일시가),,29.505772993710465,146.0
2025-07-31,BUY,009150,삼성전기,3,148936.26376513112,6.0,"GC,RSI탈출,MACD,BB회귀,W패턴,STO_GC",TOP5 1/5 배분,446808.79129539337,,
2025-07-31,BUY,005380,현대차,2,226318.99163732392,5.0,"GC,MACD,BB회귀,W패턴,STO_GC",TOP5 1/5 배분,452637.98327464785,,
2025-07-31,BUY,000270,기아,4,107960.60799272973,5.0,"GC,MACD,BB회귀,W패턴,STO_GC",TOP5 1/5 배분,431842.4319709189,,
2025-07-31,BUY,105560,KB금융,4,108204.22089861361,4.0,"GC,RSI탈출,BB회귀,STO_GC",TOP5 1/5 배분,432816.88359445444,,
2025-08-01,SELL,035420,NAVER,1,221770.4410018553,,,손절-10%,,-9.999999999999998,30.0
2025-08-01,BUY,035720,카카오,3,57119.961064189185,4.0,"RSI탈출,BB회귀,W패턴,STO_GC",TOP5 1/5 배분,171359.88319256756,,
2025-08-01,BUY,009150,삼성전기,1,145269.83901779485,4.0,"GC,MACD,W패턴,STO_GC",TOP5 1/5 배분,145269.83901779485,,
2025-08-01,BUY,017670,SK텔레콤,4,54411.94142032658,4.0,"GC,BB회귀,W패턴,200일선",TOP5 1/5 배분,217647.7656813063,,
2025-08-01,BUY,005380,현대차,1,204949.8261904762,4.0,"GC,MACD,W패턴,STO_GC",TOP5 1/5 배분,204949.8261904762,,
2025-08-01,BUY,000270,기아,2,97040.01247054811,4.0,"GC,MACD,W패턴,STO_GC",TOP5 1/5 배분,194080.02494109623,,
2025-08-12,SELL,006400,삼성SDI,2,225000.0,,,익절+30%(익일시가),,30.434782608695656,49.0
2025-08-12,BUY,035720,카카오,1,63710.72726157771,6.0,"GC,RSI탈출,MACD,BB회귀,W패턴,STO_GC",TOP5 1/5 배분,63710.72726157771,,
2025-08-12,BUY,055550,신한지주,1,67568.15433035714,5.0,"GC,RSI탈출,BB회귀,W패턴,STO_GC",TOP5 1/5 배분,67568.15433035714,,
2025-09-04,SELL,009150,삼성전기,12,173511.25458940584,,,익절+30%(익일시가),,33.46884758776469,75.0
2025-09-04,BUY,003550,LG,7,72095.09453642384,7.0,"GC,RSI탈출,MACD,BB회귀,W패턴,STO_GC,피보나치",TOP5 1/5 배분,504665.6617549669,,
2025-09-04,BUY,000660,SK하이닉스,1,266272.97810734465,5.0,"GC,RSI탈출,MACD,BB회귀,STO_GC",TOP5 1/5 배분,266272.97810734465,,
2025-09-04,BUY,068270,셀트리온,3,161704.3720161102,5.0,"RSI탈출,BB회귀,W패턴,200일선,STO_GC",TOP5 1/5 배분,485113.11604833056,,
2025-09-04,BUY,105560,KB금융,4,106244.93917050691,4.0,"RSI탈출,BB회귀,W패턴,STO_GC",TOP5 1/5 배분,424979.75668202766,,
2025-09-15,SELL,032830,삼성생명,2,153233.72260273973,,,익절+30%(익일시가),,27.536226257329478,59.0
2025-09-15,BUY,005930,삼성전자,3,76327.30571895425,7.0,"GC,RSI탈출,MACD,BB회귀,거래량돌파,W패턴,STO_GC",TOP5 1/5 배분,228981.91715686274,,
2025-09-15,BUY,055550,신한지주,3,66982.29680793991,6.0,"GC,RSI탈출,MACD,BB회귀,W패턴,STO_GC",TOP5 1/5 배분,200946.89042381974,,
2025-09-15,BUY,086790,하나금융지주,2,85447.09845984599,6.0,"GC,RSI탈출,MACD,BB회귀,W패턴,STO_GC",TOP5 1/5 배분,170894.19691969198,,
2025-09-15,BUY,035420,NAVER,1,233546.7251602564,6.0,"GC,MACD,BB회귀,W패턴,STO_GC,피보나치",TOP5 1/5 배분,233546.7251602564,,
2025-09-17,SELL,000660,SK하이닉스,1,340071.4843515742,,,익절+30%(익일시가),,27.71535691258864,8.0
2025-09-17,BUY,316140,우리금융지주,5,25810.680052779102,6.0,"GC,RSI탈출,MACD,BB회귀,W패턴,STO_GC",TOP5 1/5 배분,129053.40026389551,,
2025-09-17,BUY,055550,신한지주,2,68837.49405936155,6.0,"GC,RSI탈출,MACD,BB회귀,W패턴,STO_GC",TOP5 1/5 배분,137674.9881187231,,
2025-09-17,BUY,005930,삼성전자,1,78205.82608695653,5.0,"GC,MACD,BB회귀,거래량돌파,W패턴",TOP5 1/5 배분,78205.82608695653,,
2025-09-26,SELL,011200,HMM,50,20256.717123723618,,,손절-10%,,-9.999999999999986,91.0
2025-09-26,BUY,006400,삼성SDI,1,208000.0,7.0,"GC,RSI탈출,MACD,BB회귀,W패턴,200일선,STO_GC",TOP5 1/5 배분,208000.0,,
2025-09-26,BUY,005490,POSCO홀딩스,1,273763.48704545456,6.0,"지지반등,RSI탈출,MACD,BB회귀,200일선,피보나치",TOP5 1/5 배분,273763.48704545456,,
2025-09-26,BUY,068270,셀트리온,1,171378.17645014022,5.0,"GC,MACD,BB회귀,W패턴,STO_GC",TOP5 1/5 배분,171378.17645014022,,
2025-09-26,BUY,017670,SK텔레콤,5,54545.31783640711,5.0,"GC,MACD,BB회귀,W패턴,200일선",TOP5 1/5 배분,272726.58918203553,,
2025-10-17,SELL,373220,LG에너지솔루션,1,416000.0,,,익절+30%(익일시가),,32.48407643312101,65.0
2025-10-17,BUY,000270,기아,1,106140.51282337199,6.0,"GC,RSI탈출,MACD,BB회귀,W패턴,STO_GC",TOP5 1/5 배분,106140.51282337199,,
2025-10-17,BUY,096770,SK이노베이션,1,114500.0,6.0,"GC,RSI탈출,MACD,BB회귀,W패턴,STO_GC",TOP5 1/5 배분,114500.0,,
2025-10-17,BUY,015760,한국전력,4,38244.14268332845,6.0,"GC,RSI탈출,MACD,BB회귀,W패턴,STO_GC",TOP5 1/5 배분,152976.5707333138,,
2025-10-22,SELL,005380,현대차,7,260360.08860153257,,,익절+30%(익일시가),,33.040503110299426,127.0
2025-10-22,BUY,000270,기아,4,113420.90749364944,6.0,"GC,RSI탈출,MACD,BB회귀,W패턴,STO_GC",TOP5 1/5 배분,453683.6299745978,,
2025-10-22,BUY,096770,SK이노베이션,3,124500.0,6.0,"GC,RSI탈출,MACD,BB회귀,W패턴,STO_GC",TOP5 1/5 배분,373500.0,,
2025-10-22,BUY,015760,한국전력,10,42407.429384965835,6.0,"GC,RSI탈출,MACD,BB회귀,W패턴,STO_GC",TOP5 1/5 배분,424074.29384965834,,
2025-10-22,BUY,005490,POSCO홀딩스,1,290935.05055894307,6.0,"GC,RSI탈출,MACD,BB회귀,W패턴,STO_GC",TOP5 1/5 배분,290935.05055894307,,
2025-10-27,SELL,006400,삼성SDI,1,304000.0,,,익절+30%(익일시가),,46.153846153846146,15.0
2025-10-27,BUY,086790,하나금융지주,2,85447.104214123,6.0,"GC,RSI탈출,MACD,BB회귀,W패턴,STO_GC",TOP5 1/5 배분,170894.208428246,,
2025-10-27,BUY,068270,셀트리온,1,164265.07248940237,6.0,"GC,지지반등,MACD,BB회귀,200일선,STO_GC",TOP5 1/5 배분,164265.07248940237,,
2025-10-28,SELL,005930,삼성전자,4,100204.48241991206,,,익절+30%(익일시가),,30.479792405491057,24.0
2025-10-28,BUY,138040,메리츠금융지주,1,114100.0,7.0,"GC,RSI탈출,MACD,BB회귀,200일선,STO_GC,피보나치",TOP5 1/5 배분,114100.0,,
2025-10-28,BUY,011200,HMM,11,20567.164620535714,7.0,"GC,RSI탈출,MACD,BB회귀,W패턴,200일선,피보나치",TOP5 1/5 배분,226238.81082589284,,
2025-10-28,BUY,024110,기업은행,12,18641.784108500706,6.0,"GC,RSI탈출,MACD,BB회귀,W패턴,STO_GC",TOP5 1/5 배분,223701.40930200845,,
2025-10-28,BUY,105560,KB금융,2,113373.50614126933,6.0,"GC,RSI탈출,MACD,BB회귀,W패턴,STO_GC",TOP5 1/5 배분,226747.01228253866,,
2025-11-17,SELL,011200,HMM,11,18510.448158482144,,,손절-10%,,-9.999999999999986,14.0
2025-11-17,BUY,086790,하나금융지주,1,91664.16177161655,4.0,"GC,MACD,W패턴,STO_GC",TOP5 1/5 배분,91664.16177161655,,
2025-11-17,BUY,017670,SK텔레콤,2,53454.41446332789,4.0,"GC,MACD,W패턴,STO_GC",TOP5 1/5 배분,106908.82892665578,,
2025-11-19,SELL,015760,한국전력,34,48797.59166666667,,,익절+30%(익일시가),,28.30669086900597,96.0
2025-11-19,BUY,068270,셀트리온,2,176215.0816716466,4.0,"GC,MACD,W패턴,STO_GC",TOP5 1/5 배분,352430.1633432932,,
2025-11-19,BUY,000270,기아,3,110834.45027974891,3.0,"GC,W패턴,STO_GC",TOP5 1/5 배분,332503.35083924676,,
2025-11-19,BUY,033780,KT&G,2,138949.69112569062,3.0,"GC,MACD,W패턴",TOP5 1/5 배분,277899.38225138123,,
2025-11-19,BUY,086790,하나금융지주,4,90291.65323805346,3.0,"GC,MACD,W패턴",TOP5 1/5 배분,361166.61295221385,,
2025-12-05,SELL,012330,현대모비스,1,343459.29396551725,,,익절+30%(익일시가),,34.595750584752835,125.0
2025-12-05,BUY,032830,삼성생명,1,150621.78840075852,6.0,"GC,RSI탈출,MACD,BB회귀,W패턴,STO_GC",TOP5 1/5 배분,150621.78840075852,,
2025-12-05,BUY,003550,LG,2,81236.85572429906,5.0,"RSI탈출,BB회귀,W패턴,STO_GC,피보나치",TOP5 1/5 배분,162473.71144859813,,
2025-12-05,BUY,005930,삼성전자,1,104574.15005189113,5.0,"GC,RSI탈출,MACD,BB회귀,STO_GC",TOP5 1/5 배분,104574.15005189113,,
2025-12-05,BUY,000270,기아,1,113708.28715994135,5.0,"GC,MACD,BB회귀,W패턴,STO_GC",TOP5 1/5 배분,113708.28715994135,,
2025-12-16,SELL,096770,SK이노베이션,4,109800.0,,,손절-10%,,-9.999999999999998,42.0
2025-12-16,BUY,068270,셀트리온,1,178586.11398273305,5.0,"GC,RSI탈출,BB회귀,W패턴,STO_GC",TOP5 1/5 배분,178586.11398273305,,
2025-12-16,BUY,138040,메리츠금융지주,1,110000.0,4.0,"GC,MACD,W패턴,STO_GC",TOP5 1/5 배분,110000.0,,
2026-01-06,SELL,005930,삼성전자,1,135020.5297651188,,,익절+30%(익일시가),,29.11463272531476,18.0
2026-01-06,BUY,035720,카카오,2,62412.54561373433,6.0,"GC,RSI탈출,MACD,BB회귀,W패턴,STO_GC",TOP5 1/5 배분,124825.09122746866,,
2026-01-09,SELL,138040,메리츠금융지주,11,102027.27272727274,,,손절-10%,,-9.999999999999998,152.0
2026-01-09,BUY,068270,셀트리온,1,201904.765625,5.0,"GC,MACD,BB회귀,W패턴,STO_GC",TOP5 1/5 배분,201904.765625,,
2026-01-09,BUY,009150,삼성전기,1,275000.0,5.0,"GC,MACD,BB회귀,W패턴,STO_GC",TOP5 1/5 배분,275000.0,,
2026-01-09,BUY,028260,삼성물산,1,270500.0,5.0,"GC,MACD,BB회귀,W패턴,STO_GC",TOP5 1/5 배분,270500.0,,
2026-01-09,BUY,096770,SK이노베이션,3,101500.0,4.0,"지지반등,BB회귀,200일선,STO_GC",TOP5 1/5 배분,304500.0,,
2026-01-13,SELL,000270,기아,24,125203.65506089154,,,익절+30%(익일시가),,24.6113979477939,281.0
2026-01-13,BUY,096770,SK이노베이션,7,103100.0,6.0,"지지반등,RSI탈출,MACD,BB회귀,200일선,STO_GC",TOP5 1/5 배분,721700.0,,
2026-01-13,BUY,005380,현대차,1,377446.2473445197,6.0,"GC,RSI탈출,MACD,BB회귀,W패턴,STO_GC",TOP5 1/5 배분,377446.2473445197,,
2026-01-13,BUY,373220,LG에너지솔루션,1,385500.0,5.0,"RSI탈출,BB회귀,W패턴,200일선,STO_GC",TOP5 1/5 배분,385500.0,,
2026-01-13,BUY,035420,NAVER,2,256307.64236767488,5.0,"GC,RSI탈출,MACD,BB회귀,STO_GC",TOP5 1/5 배분,512615.28473534976,,
2026-01-13,BUY,009150,삼성전기,2,284000.0,5.0,"GC,MACD,BB회귀,W패턴,STO_GC",TOP5 1/5 배분,568000.0,,
2026-01-16,SELL,005490,POSCO홀딩스,4,349755.7925150829,,,익절+30%(익일시가),,27.8665831368764,135.0
2026-01-16,BUY,373220,LG에너지솔루션,1,394000.0,7.0,"GC,RSI탈출,MACD,BB회귀,W패턴,STO_GC,피보나치",TOP5 1/5 배분,394000.0,,
2026-01-16,BUY,006400,삼성SDI,1,291500.0,6.0,"GC,RSI탈출,MACD,BB회귀,W패턴,STO_GC",TOP5 1/5 배분,291500.0,,
2026-01-16,BUY,051910,LG화학,1,334846.6356821589,6.0,"RSI탈출,MACD,BB회귀,W패턴,STO_GC,피보나치",TOP5 1/5 배분,334846.6356821589,,
2026-01-16,BUY,096770,SK이노베이션,4,107000.0,6.0,"RSI탈출,MACD,BB회귀,W패턴,200일선,STO_GC",TOP5 1/5 배분,428000.0,,
2026-01-16,BUY,005380,현대차,1,423077.0599651937,5.0,"GC,MACD,BB회귀,거래량돌파,W패턴",TOP5 1/5 배분,423077.0599651937,,
2026-01-22,SELL,005380,현대차,2,581296.9761342155,,,익절+30%(익일시가),,45.22924462693207,6.0
2026-01-22,BUY,316140,우리금융지주,13,27856.841884128007,5.0,"GC,MACD,BB회귀,W패턴,STO_GC",TOP5 1/5 배분,362138.9444936641,,
2026-01-22,BUY,105560,KB금융,2,134516.1280623608,4.0,"GC,MACD,BB회귀,W패턴",TOP5 1/5 배분,269032.2561247216,,
2026-01-22,BUY,003550,LG,4,86411.79722731117,4.0,"GC,MACD,W패턴,STO_GC",TOP5 1/5 배분,345647.18890924467,,
2026-01-22,BUY,086790,하나금융지주,3,97252.24378109453,4.0,"GC,MACD,W패턴,STO_GC",TOP5 1/5 배분,291756.73134328355,,
2026-01-23,SELL,006400,삼성SDI,1,402000.0,,,익절+30%(익일시가),,37.907375643224704,4.0
2026-01-23,BUY,096770,SK이노베이션,1,115000.0,7.0,"GC,RSI탈출,MACD,BB회귀,W패턴,STO_GC,피보나치",TOP5 1/5 배분,115000.0,,
2026-01-23,BUY,011200,HMM,9,19985.07442030098,6.0,"GC,RSI탈출,MACD,BB회귀,200일선,STO_GC",TOP5 1/5 배분,179865.66978270884,,
2026-01-28,SELL,017670,SK텔레콤,37,69421.31906702899,,,익절+30%(익일시가),,32.20716345804349,382.0
2026-01-28,BUY,138040,메리츠금융지주,5,110000.0,7.0,"GC,MACD,BB회귀,W패턴,200일선,STO_GC,피보나치",TOP5 1/5 배분,550000.0,,
2026-01-28,BUY,024110,기업은행,31,20734.32661637931,7.0,"GC,RSI탈출,MACD,BB회귀,거래량돌파,W패턴,STO_GC",TOP5 1/5 배분,642764.1251077586,,
2026-01-28,BUY,035720,카카오,10,62412.54392951052,6.0,"GC,MACD,BB회귀,W패턴,STO_GC,피보나치",TOP5 1/5 배분,624125.4392951052,,
2026-01-28,BUY,033780,KT&G,4,140313.85714285713,5.0,"GC,MACD,BB회귀,W패턴,STO_GC",TOP5 1/5 배분,561255.4285714285,,
2026-01-28,BUY,035420,NAVER,2,282037.34797297296,5.0,"GC,MACD,BB회귀,W패턴,STO_GC",TOP5 1/5 배분,564074.6959459459,,
2026-01-29,SELL,055550,신한지주,14,84433.2714086369,,,익절+30%(익일시가),,28.839179915284863,136.0
2026-01-29,SELL,032830,삼성생명,1,200000.0,,,익절+30%(익일시가),,32.782914161038335,35.0
2026-01-29,BUY,138040,메리츠금융지주,3,110000.0,7.0,"GC,MACD,BB회귀,W패턴,200일선,STO_GC,피보나치",TOP5 1/5 배분,330000.0,,
2026-01-29,BUY,024110,기업은행,16,20638.776988636364,6.0,"GC,RSI탈출,MACD,BB회귀,W패턴,STO_GC",TOP5 1/5 배분,330220.4318181818,,
2026-01-29,BUY,003550,LG,3,89145.728515625,4.0,"GC,MACD,BB회귀,W패턴",TOP5 1/5 배분,267437.185546875,,
2026-01-29,BUY,035720,카카오,5,61314.08315635113,4.0,"GC,MACD,W패턴,STO_GC",TOP5 1/5 배분,306570.41578175564,,
2026-02-02,SELL,051910,LG화학,1,301361.972113943,,,손절-10%,,-10.000000000000009,11.0
2026-02-02,BUY,138040,메리츠금융지주,1,115100.0,6.0,"GC,MACD,BB회귀,W패턴,200일선,피보나치",TOP5 1/5 배분,115100.0,,
2026-02-02,BUY,024110,기업은행,6,21212.076530246562,6.0,"GC,RSI탈출,MACD,BB회귀,W패턴,STO_GC",TOP5 1/5 배분,127272.45918147938,,
2026-02-02,BUY,035720,카카오,2,60415.342733304795,4.0,"GC,MACD,W패턴,STO_GC",TOP5 1/5 배분,120830.68546660959,,
2026-02-09,SELL,105560,KB금융,12,147987.40051188905,,,익절+30%(익일시가),,31.19683903576247,126.0
2026-02-09,BUY,068270,셀트리온,2,214285.71875,5.0,"GC,RSI탈출,BB회귀,W패턴,STO_GC",TOP5 1/5 배분,428571.4375,,
2026-02-09,BUY,033780,KT&G,2,163309.7415059347,4.0,"MACD,BB회귀,W패턴,STO_GC",TOP5 1/5 배분,326619.4830118694,,
2026-02-09,BUY,086790,하나금융지주,3,117055.62547348485,3.0,"BB회귀,거래량돌파,W패턴",TOP5 1/5 배분,351166.87642045453,,
2026-02-09,BUY,316140,우리금융지주,13,32629.518134949347,3.0,"BB회귀,거래량돌파,W패턴",TOP5 1/5 배분,424183.7357543415,,
2026-02-10,SELL,068270,셀트리온,14,217142.859375,,,익절+30%(익일시가),,22.152067240048858,144.0
2026-02-10,SELL,086790,하나금융지주,15,122251.56186707242,,,익절+30%(익일시가),,27.56305019394798,96.0
2026-02-10,BUY,068270,셀트리온,5,217142.859375,6.0,"GC,RSI탈출,MACD,BB회귀,W패턴,STO_GC",TOP5 1/5 배분,1085714.296875,,
2026-02-10,BUY,011200,HMM,55,19888.059588738208,6.0,"GC,MACD,BB회귀,W패턴,200일선,STO_GC",TOP5 1/5 배분,1093843.2773806015,,
2026-02-10,BUY,000660,SK하이닉스,1,892204.2183219178,4.0,"MACD,BB회귀,W패턴,STO_GC",TOP5 1/5 배분,892204.2183219178,,
2026-02-10,BUY,033780,KT&G,6,166817.5879360465,4.0,"MACD,BB회귀,W패턴,STO_GC",TOP5 1/5 배분,1000905.527616279,,
2026-02-13,SELL,316140,우리금융지주,31,39058.02012796855,,,익절+30%(익일시가),,32.27335187630382,97.0
2026-02-13,BUY,011200,HMM,25,20518.656400240383,7.0,"GC,MACD,BB회귀,W패턴,200일선,STO_GC,피보나치",TOP5 1/5 배분,512966.41000600957,,
2026-02-13,BUY,051910,LG화학,1,328884.9661016949,6.0,"RSI탈출,MACD,BB회귀,W패턴,STO_GC,피보나치",TOP5 1/5 배분,328884.9661016949,,
2026-02-13,BUY,000270,기아,3,157965.435605195,5.0,"GC,RSI탈출,BB회귀,W패턴,STO_GC",TOP5 1/5 배분,473896.306815585,,
2026-02-13,BUY,096770,SK이노베이션,4,116000.0,5.0,"MACD,BB회귀,W패턴,STO_GC,피보나치",TOP5 1/5 배분,464000.0,,
2026-02-13,BUY,373220,LG에너지솔루션,1,404000.0,5.0,"MACD,BB회귀,W패턴,STO_GC,피보나치",TOP5 1/5 배분,404000.0,,
2026-02-23,SELL,024110,기업은행,65,27709.469958563535,,,익절+30%(익일시가),,36.04018923401186,77.0
2026-02-23,SELL,009150,삼성전기,3,396500.0,,,익절+30%(익일시가),,41.10320284697509,27.0
2026-02-23,SELL,138040,메리츠금융지주,9,147500.0,,,익절+30%(익일시가),,33.4036780223093,14.0
2026-02-23,BUY,051910,LG화학,2,336833.8728383459,6.0,"GC,MACD,BB회귀,W패턴,STO_GC,피보나치",TOP5 1/5 배분,673667.7456766918,,
2026-02-23,BUY,000270,기아,5,167544.9049562102,6.0,"GC,RSI탈출,MACD,BB회귀,W패턴,STO_GC",TOP5 1/5 배분,837724.524781051,,
2026-02-23,BUY,096770,SK이노베이션,7,128300.0,5.0,"MACD,BB회귀,거래량돌파,W패턴,STO_GC",TOP5 1/5 배분,898100.0,,
2026-02-23,BUY,011200,HMM,42,22507.46309912854,5.0,"GC,MACD,BB회귀,거래량돌파,W패턴",TOP5 1/5 배분,945313.4501633988,,
2026-02-27,SELL,028260,삼성물산,1,352500.0,,,익절+30%(익일시가),,30.31423290203328,31.0
2026-02-27,BUY,035720,카카오,5,61214.22350897873,5.0,"RSI탈출,MACD,BB회귀,STO_GC,피보나치",TOP5 1/5 배분,306071.11754489364,,
2026-03-03,SELL,003550,LG,16,105158.76432164635,,,익절+30%(익일시가),,31.425481852067815,114.0
2026-03-03,BUY,035720,카카오,10,60814.78266792705,7.0,"GC,RSI탈출,MACD,BB회귀,W패턴,STO_GC,피보나치",TOP5 1/5 배분,608147.8266792705,,
2026-03-03,BUY,051910,LG화학,1,399431.2993421053,4.0,"GC,MACD,BB회귀,W패턴",TOP5 1/5 배분,399431.2993421053,,
2026-03-03,BUY,373220,LG에너지솔루션,1,414500.0,4.0,"GC,MACD,W패턴,STO_GC",TOP5 1/5 배분,414500.0,,
2026-03-04,SELL,035720,카카오,38,53125.55851487779,,,손절(갭)-13.2%,,-13.195069156494277,139.0
2026-03-04,SELL,035420,NAVER,5,225500.0,,,손절(갭)-13.9%,,-13.946846781718126,109.0
2026-03-04,SELL,373220,LG에너지솔루션,4,359550.0,,,손절-10%,,-9.999999999999998,32.0
2026-03-04,SELL,068270,셀트리온,5,195428.57343750002,,,손절-10%,,-9.999999999999986,12.0
2026-03-04,SELL,051910,LG화학,4,315446.40250211075,,,손절-10%,,-9.999999999999998,9.0
2026-03-04,BUY,000270,기아,10,160551.8858886407,3.0,"GC,MACD,W패턴",TOP5 1/5 배분,1605518.8588864072,,
2026-03-04,BUY,051910,LG화학,4,340808.3123982085,3.0,"GC,MACD,W패턴",TOP5 1/5 배분,1363233.249592834,,
2026-03-04,BUY,035720,카카오,31,53125.55851487779,3.0,"GC,MACD,STO_GC",TOP5 1/5 배분,1646892.3139612116,,
2026-03-04,BUY,373220,LG에너지솔루션,4,380000.0,3.0,"GC,MACD,STO_GC",TOP5 1/5 배분,1520000.0,,
2026-03-06,SELL,051910,LG화학,4,306727.4811583876,,,손절-10%,,-10.000000000000009,2.0
2026-03-06,BUY,373220,LG에너지솔루션,1,372000.0,5.0,"GC,MACD,BB회귀,200일선,STO_GC",TOP5 1/5 배분,372000.0,,
2026-03-06,BUY,035720,카카오,14,50429.33768656716,5.0,"GC,RSI탈출,MACD,BB회귀,STO_GC",TOP5 1/5 배분,706010.7276119402,,
2026-03-06,BUY,006400,삼성SDI,1,388500.0,4.0,"MACD,BB회귀,W패턴,STO_GC",TOP5 1/5 배분,388500.0,,
2026-03-09,SELL,000270,기아,18,145703.71596927967,,,손절(갭)-10.1%,,-10.094573256011873,12.0
2026-03-09,BUY,035720,카카오,18,50100.0,5.0,"GC,RSI탈출,MACD,BB회귀,STO_GC",TOP5 1/5 배분,901800.0,,
2026-03-09,BUY,051910,LG화학,3,303051.11354166665,4.0,"GC,BB회귀,STO_GC,피보나치",TOP5 1/5 배분,909153.340625,,
2026-03-09,BUY,012330,현대모비스,2,397819.76887224935,4.0,"GC,MACD,BB회귀,STO_GC",TOP5 1/5 배분,795639.5377444987,,
2026-03-09,BUY,373220,LG에너지솔루션,2,360000.0,4.0,"GC,BB회귀,200일선,STO_GC",TOP5 1/5 배분,720000.0,,
2026-03-09,BUY,015760,한국전력,20,45150.0,4.0,"GC,BB회귀,STO_GC,피보나치",TOP5 1/5 배분,903000.0,,
2026-03-30,SELL,035720,카카오,63,46495.75773675932,,,손절-10%,,-9.999999999999998,18.0
2026-03-30,BUY,373220,LG에너지솔루션,1,379500.0,6.0,"GC,MACD,BB회귀,W패턴,200일선,STO_GC",TOP5 1/5 배분,379500.0,,
2026-03-30,BUY,138040,메리츠금융지주,6,111300.0,5.0,"RSI탈출,MACD,BB회귀,200일선,STO_GC",TOP5 1/5 배분,667800.0,,
2026-03-30,BUY,068270,셀트리온,3,188285.71875,4.0,"RSI탈출,BB회귀,STO_GC,피보나치",TOP5 1/5 배분,564857.15625,,
2026-03-30,BUY,033780,KT&G,4,152400.0,4.0,"RSI탈출,BB회귀,W패턴,STO_GC",TOP5 1/5 배분,609600.0,,
2026-04-03,SELL,015760,한국전력,20,40635.0,,,손절-10%,,-9.999999999999998,19.0
2026-04-03,BUY,096770,SK이노베이션,3,118200.0,5.0,"MACD,W패턴,200일선,STO_GC,피보나치",TOP5 1/5 배분,354600.0,,
2026-04-03,BUY,138040,메리츠금융지주,3,112900.0,3.0,"GC,MACD,STO_GC",TOP5 1/5 배분,338700.0,,
2026-04-16,SELL,000660,SK하이닉스,1,1140809.2159090908,,,익절+30%(익일시가),,27.864136089241565,42.0
2026-04-16,BUY,024110,기업은행,21,22600.0,6.0,"GC,MACD,BB회귀,W패턴,STO_GC,피보나치",TOP5 1/5 배분,474600.0,,
2026-04-16,BUY,011200,HMM,23,21100.0,6.0,"GC,MACD,BB회귀,W패턴,200일선,피보나치",TOP5 1/5 배분,485300.0,,
2026-04-16,BUY,105560,KB금융,3,159841.89800908812,5.0,"GC,MACD,BB회귀,W패턴,STO_GC",TOP5 1/5 배분,479525.69402726437,,
2026-04-16,BUY,035720,카카오,9,50600.0,5.0,"GC,RSI탈출,MACD,BB회귀,STO_GC",TOP5 1/5 배분,455400.0,,
2026-04-16,BUY,035420,NAVER,2,219500.0,5.0,"RSI탈출,MACD,BB회귀,W패턴,STO_GC",TOP5 1/5 배분,439000.0,,
2026-04-20,SELL,006400,삼성SDI,1,515000.0,,,익절+30%(익일시가),,32.56113256113255,30.0
2026-04-20,BUY,015760,한국전력,2,45900.0,7.0,"GC,RSI탈출,MACD,BB회귀,W패턴,200일선,STO_GC",TOP5 1/5 배분,91800.0,,
2026-04-20,BUY,316140,우리금융지주,3,35811.113603583915,5.0,"GC,MACD,BB회귀,W패턴,STO_GC",TOP5 1/5 배분,107433.34081075175,,
2026-04-23,SELL,373220,LG에너지솔루션,8,481500.0,,,익절+30%(익일시가),,28.764833695470493,35.0
2026-04-23,SELL,051910,LG화학,3,400500.0,,,익절+30%(익일시가),,32.155924233202015,32.0
2026-04-23,BUY,068270,셀트리온,5,197619.046875,5.0,"GC,BB회귀,W패턴,STO_GC,피보나치",TOP5 1/5 배분,988095.234375,,
2026-04-23,BUY,000270,기아,6,164700.0,4.0,"GC,MACD,W패턴,STO_GC",TOP5 1/5 배분,988200.0,,
2026-04-23,BUY,035420,NAVER,4,220500.0,4.0,"GC,MACD,W패턴,STO_GC",TOP5 1/5 배분,882000.0,,
2026-04-23,BUY,015760,한국전력,23,47650.0,4.0,"GC,BB회귀,W패턴,200일선",TOP5 1/5 배분,1095950.0,,
2026-04-30,SELL,096770,SK이노베이션,29,146500.0,,,익절+30%(익일시가),,29.29486594235977,74.0
2026-04-30,BUY,000270,기아,7,155400.0,4.0,"GC,MACD,BB회귀,피보나치",TOP5 1/5 배분,1087800.0,,
2026-04-30,BUY,024110,기업은행,51,22400.0,3.0,"BB회귀,W패턴,피보나치",TOP5 1/5 배분,1142400.0,,
2026-04-30,BUY,005380,현대차,2,553958.9119585687,2.0,"BB회귀,W패턴",TOP5 1/5 배분,1107917.8239171375,,
2026-04-30,BUY,055550,신한지주,11,99000.0,2.0,"BB회귀,W패턴",TOP5 1/5 배분,1089000.0,,
2026-04-30,BUY,035420,NAVER,5,223000.0,2.0,"GC,BB회귀",TOP5 1/5 배분,1115000.0,,
2026-05-07,SELL,035720,카카오,9,45540.0,,,손절-10%,,-9.999999999999998,13.0
2026-05-07,SELL,316140,우리금융지주,3,32230.002243225525,,,손절-10%,,-9.999999999999998,11.0
2026-05-11,SELL,012330,현대모비스,2,535000.0,,,익절+30%(익일시가),,34.483010111999455,42.0
2026-05-11,BUY,000270,기아,2,170400.0,4.0,"GC,MACD,BB회귀,W패턴",TOP5 1/5 배분,340800.0,,
2026-05-11,BUY,105560,KB금융,2,161000.0,3.0,"MACD,BB회귀,W패턴",TOP5 1/5 배분,322000.0,,
2026-05-11,BUY,024110,기업은행,16,21650.0,3.0,"지지반등,BB회귀,STO_GC",TOP5 1/5 배분,346400.0,,
2026-05-12,SELL,015760,한국전력,25,42759.0,,,손절-10%,,-9.999999999999998,14.0
2026-05-12,BUY,000270,기아,2,175700.0,4.0,"GC,MACD,BB회귀,W패턴",TOP5 1/5 배분,351400.0,,
2026-05-12,BUY,017670,SK텔레콤,3,100363.3902925532,3.0,"BB회귀,W패턴,STO_GC",TOP5 1/5 배분,301090.1708776596,,
2026-05-13,SELL,035420,NAVER,11,199309.0909090909,,,손절-10%,,-9.999999999999998,17.0
2026-05-13,BUY,068270,셀트리온,3,187619.046875,4.0,"지지반등,BB회귀,200일선,STO_GC",TOP5 1/5 배분,562857.140625,,
2026-05-13,BUY,017670,SK텔레콤,6,104925.359375,3.0,"BB회귀,W패턴,STO_GC",TOP5 1/5 배분,629552.15625,,
2026-05-13,BUY,000270,기아,4,166500.0,3.0,"GC,MACD,W패턴",TOP5 1/5 배분,666000.0,,
2026-05-13,BUY,033780,KT&G,3,185400.0,2.0,"BB회귀,W패턴",TOP5 1/5 배분,556200.0,,
2026-05-15,SELL,005380,현대차,2,722338.4732142857,,,익절+30%(익일시가),,30.395676939359404,8.0
2026-05-15,BUY,068270,셀트리온,2,186190.46875,5.0,"지지반등,RSI탈출,BB회귀,200일선,STO_GC",TOP5 1/5 배분,372380.9375,,
2026-05-15,BUY,138040,메리츠금융지주,4,110500.0,4.0,"RSI탈출,BB회귀,200일선,STO_GC",TOP5 1/5 배분,442000.0,,
2026-05-15,BUY,033780,KT&G,2,187200.0,4.0,"MACD,BB회귀,거래량돌파,W패턴",TOP5 1/5 배분,374400.0,,
2026-05-15,BUY,011200,HMM,23,20150.0,4.0,"RSI탈출,BB회귀,200일선,STO_GC",TOP5 1/5 배분,463450.0,,
2026-05-18,SELL,068270,셀트리온,13,172259.34014423075,,,손절-10%,,-9.999999999999998,33.0
2026-05-18,BUY,017670,SK텔레콤,5,101355.1180659204,4.0,"GC,MACD,W패턴,STO_GC",TOP5 1/5 배분,506775.590329602,,
2026-05-18,BUY,000270,기아,3,168800.0,3.0,"GC,MACD,W패턴",TOP5 1/5 배분,506400.0,,
2026-05-18,BUY,003550,LG,4,132000.0,2.0,"BB회귀,W패턴",TOP5 1/5 배분,528000.0,,
2026-05-18,BUY,105560,KB금융,3,154900.0,2.0,"MACD,STO_GC",TOP5 1/5 배분,464700.0,,
2026-05-19,SELL,003550,LG,4,111400.0,,,손절(갭)-15.6%,,-15.606060606060602,1.0
2026-05-19,BUY,011200,HMM,14,20050.0,5.0,"지지반등,BB회귀,W패턴,200일선,STO_GC",TOP5 1/5 배분,280700.0,,
2026-05-19,BUY,017670,SK텔레콤,2,98181.57329516376,4.0,"GC,MACD,W패턴,STO_GC",TOP5 1/5 배분,196363.14659032752,,
2026-05-19,BUY,138040,메리츠금융지주,2,107100.0,3.0,"지지반등,BB회귀,STO_GC",TOP5 1/5 배분,214200.0,,
2026-05-19,BUY,000270,기아,1,161700.0,3.0,"GC,MACD,W패턴",TOP5 1/5 배분,161700.0,,
2026-05-20,SELL,024110,기업은행,88,20080.227272727272,,,손절-10%,,-9.999999999999998,22.0
2026-05-20,BUY,017670,SK텔레콤,4,98776.61525229357,4.0,"GC,MACD,W패턴,STO_GC",TOP5 1/5 배분,395106.4610091743,,
2026-05-20,BUY,138040,메리츠금융지주,4,110300.0,3.0,"RSI탈출,BB회귀,STO_GC",TOP5 1/5 배분,441200.0,,
2026-05-20,BUY,055550,신한지주,4,96400.0,2.0,"BB회귀,STO_GC",TOP5 1/5 배분,385600.0,,
2026-05-20,BUY,086790,하나금융지주,3,118200.0,2.0,"BB회귀,STO_GC",TOP5 1/5 배분,354600.0,,
2026-06-04,SELL,017670,SK텔레콤,20,119000.0,,,익절+30%(익일시가),,17.30566483390512,14.0
2026-06-04,BUY,035420,NAVER,2,267500.0,6.0,"GC,RSI탈출,MACD,BB회귀,W패턴,STO_GC",TOP5 1/5 배분,535000.0,,
2026-06-04,BUY,373220,LG에너지솔루션,1,448000.0,4.0,"GC,MACD,W패턴,STO_GC",TOP5 1/5 배분,448000.0,,
2026-06-04,BUY,316140,우리금융지주,20,30300.0,4.0,"지지반등,BB회귀,200일선,STO_GC",TOP5 1/5 배분,606000.0,,
2026-06-04,BUY,024110,기업은행,31,20300.0,4.0,"지지반등,BB회귀,200일선,STO_GC",TOP5 1/5 배분,629300.0,,
2026-06-04,BUY,017670,SK텔레콤,5,119000.0,3.0,"MACD,BB회귀,W패턴",TOP5 1/5 배분,595000.0,,
2026-06-05,SELL,017670,SK텔레콤,5,107100.0,,,손절-10%,,-9.999999999999998,1.0
2026-06-05,BUY,011200,HMM,8,19670.0,6.0,"지지반등,RSI탈출,MACD,BB회귀,200일선,STO_GC",TOP5 1/5 배분,157360.0,,
2026-06-05,BUY,105560,KB금융,1,171500.0,5.0,"RSI탈출,MACD,BB회귀,W패턴,STO_GC",TOP5 1/5 배분,171500.0,,
2026-06-05,BUY,055550,신한지주,1,106200.0,5.0,"RSI탈출,MACD,BB회귀,W패턴,STO_GC",TOP5 1/5 배분,106200.0,,
2026-06-05,BUY,024110,기업은행,8,20900.0,5.0,"지지반등,RSI탈출,BB회귀,200일선,STO_GC",TOP5 1/5 배분,167200.0,,
2026-06-05,BUY,138040,메리츠금융지주,1,106600.0,4.0,"RSI탈출,MACD,BB회귀,STO_GC",TOP5 1/5 배분,106600.0,,
2026-06-08,SELL,011200,HMM,199,18500.0,,,손절(갭)-10.6%,,-10.617144167231329,88.0
2026-06-08,SELL,035420,NAVER,2,239500.0,,,손절(갭)-10.5%,,-10.467289719626171,2.0
2026-06-08,SELL,373220,LG에너지솔루션,1,388500.0,,,손절(갭)-13.3%,,-13.28125,2.0
2026-06-08,BUY,024110,기업은행,46,20050.0,7.0,"지지반등,RSI탈출,MACD,BB회귀,W패턴,200일선,STO_GC",TOP5 1/5 배분,922300.0,,
2026-06-08,BUY,105560,KB금융,5,168900.0,6.0,"GC,RSI탈출,MACD,BB회귀,W패턴,STO_GC",TOP5 1/5 배분,844500.0,,
2026-06-08,BUY,055550,신한지주,8,104700.0,6.0,"GC,RSI탈출,MACD,BB회귀,W패턴,STO_GC",TOP5 1/5 배분,837600.0,,
2026-06-08,BUY,316140,우리금융지주,30,30500.0,6.0,"RSI탈출,MACD,BB회귀,W패턴,STO_GC,피보나치",TOP5 1/5 배분,915000.0,,
2026-06-08,BUY,086790,하나금융지주,7,121000.0,5.0,"RSI탈출,MACD,BB회귀,W패턴,STO_GC",TOP5 1/5 배분,847000.0,,
2026-06-23,SELL,000270,기아,25,147682.80000000002,,,손절-10%,,-9.999999999999986,39.0
2026-06-23,BUY,015760,한국전력,20,38500.0,5.0,"GC,MACD,BB회귀,W패턴,STO_GC",TOP5 1/5 배분,770000.0,,
2026-06-23,BUY,028260,삼성물산,1,535000.0,4.0,"GC,MACD,BB회귀,STO_GC",TOP5 1/5 배분,535000.0,,
2026-06-23,BUY,034730,SK,1,762000.0,4.0,"GC,MACD,BB회귀,STO_GC",TOP5 1/5 배분,762000.0,,
2026-06-23,BUY,086790,하나금융지주,6,119800.0,4.0,"GC,MACD,W패턴,STO_GC",TOP5 1/5 배분,718800.0,,
2026-06-23,BUY,011200,HMM,41,19400.0,4.0,"GC,MACD,W패턴,STO_GC",TOP5 1/5 배분,795400.0,,
2026-06-24,SELL,028260,삼성물산,1,477000.0,,,손절(갭)-10.8%,,-10.8411214953271,1.0
2026-06-24,BUY,015760,한국전력,4,36650.0,3.0,"GC,MACD,STO_GC",TOP5 1/5 배분,146600.0,,
2026-06-24,BUY,105560,KB금융,1,154000.0,3.0,"GC,MACD,STO_GC",TOP5 1/5 배분,154000.0,,
2026-06-24,BUY,086790,하나금융지주,1,116900.0,3.0,"GC,MACD,STO_GC",TOP5 1/5 배분,116900.0,,
2026-06-26,SELL,138040,메리츠금융지주,20,99472.5,,,손절-10%,,-9.999999999999998,60.0
2026-06-26,SELL,105560,KB금융,15,146173.54164163588,,,손절-10%,,-9.999999999999986,47.0
2026-06-26,SELL,055550,신한지주,24,90690.0,,,손절-10%,,-10.000000000000009,37.0
2026-06-26,SELL,086790,하나금융지주,17,107857.05882352941,,,손절-10%,,-9.999999999999998,25.0
2026-06-26,BUY,000270,기아,12,138200.0,6.0,"GC,지지반등,MACD,BB회귀,200일선,STO_GC",TOP5 1/5 배분,1658400.0,,
2026-06-26,BUY,207940,삼성바이오로직스,1,1401000.0,5.0,"GC,RSI탈출,MACD,BB회귀,STO_GC",TOP5 1/5 배분,1401000.0,,
2026-06-26,BUY,105560,KB금융,11,151300.0,5.0,"GC,MACD,BB회귀,STO_GC,피보나치",TOP5 1/5 배분,1664300.0,,
2026-06-26,BUY,034730,SK,1,868000.0,4.0,"GC,MACD,BB회귀,STO_GC",TOP5 1/5 배분,868000.0,,
2026-06-26,BUY,035720,카카오,50,34550.0,4.0,"지지반등,MACD,BB회귀,STO_GC",TOP5 1/5 배분,1727500.0,,
2026-07-01,SELL,034730,SK,2,733500.0,,,손절-10%,,-9.999999999999998,6.0
2026-07-01,BUY,068270,셀트리온,3,178400.0,3.0,"GC,MACD,STO_GC",TOP5 1/5 배분,535200.0,,
2026-07-01,BUY,105560,KB금융,3,159600.0,3.0,"BB회귀,W패턴,STO_GC",TOP5 1/5 배분,478800.0,,
2026-07-01,BUY,138040,메리츠금융지주,5,108000.0,3.0,"BB회귀,W패턴,STO_GC",TOP5 1/5 배분,540000.0,,
