date,action,reason,held,candidates,top_pick,portfolio,month
2025-06-25,매수,삼성바이오로직스,삼성바이오로직스,5,삼성바이오로직스,10035516.9676,2025-06
2025-06-26,관망,,삼성바이오로직스,2,한국전력,9989390.4676,2025-06
2025-06-27,관망,,삼성바이오로직스,1,한국전력,9961714.7176,2025-06
2025-06-30,관망,,삼성바이오로직스,1,한국전력,9924813.9676,2025-06
2025-07-01,관망,,삼성바이오로직스,2,메리츠금융지주,10026291.2176,2025-07
2025-07-02,관망,,삼성바이오로직스,4,메리츠금융지주,10081642.7176,2025-07
2025-07-03,매수,삼성바이오로직스,삼성바이오로직스,4,삼성바이오로직스,10521069.917668,2025-07
2025-07-04,매수,삼성바이오로직스,삼성바이오로직스,4,삼성바이오로직스,10443375.867492998,2025-07
2025-07-07,관망,,삼성바이오로직스,3,셀트리온,10360349.367492998,2025-07
2025-07-08,매수,셀트리온,셀트리온,4,셀트리온,10126289.873294737,2025-07
2025-07-09,관망,,셀트리온,7,고려아연,10160431.748294737,2025-07
2025-07-10,관망,,셀트리온,6,삼성바이오로직스,10302693.623294737,2025-07
2025-07-11,관망,,셀트리온,5,삼성바이오로직스,10302693.623294737,2025-07
2025-07-14,관망,,셀트리온,4,고려아연,10211646.435794737,2025-07
2025-07-15,관망,,셀트리온,4,HMM,10302693.623294737,2025-07
2025-07-16,관망,,셀트리온,1,HMM,10200265.185794737,2025-07
2025-07-17,관망,,셀트리온,0,-,10405122.998294737,2025-07
2025-07-18,관망,,셀트리온,5,삼성바이오로직스,10399432.373294737,2025-07
2025-07-21,매도,익절(갭)+5.2%,현금,0,-,10774850.353642447,2025-07
2025-07-22,매수,고려아연,고려아연,3,고려아연,10875282.946853401,2025-07
2025-07-23,관망,,고려아연,1,SK텔레콤,10773270.321853401,2025-07
2025-07-24,관망,,고려아연,5,기아,10645754.946853401,2025-07
2025-07-25,관망,,고려아연,3,삼성SDI,10658506.321853401,2025-07
2025-07-28,관망,,고려아연,3,한국전력,10633003.571853401,2025-07
2025-07-29,매수,현대차,현대차,5,현대차,10457565.248503622,2025-07
2025-07-30,매수,기아,기아,2,기아,11268130.203567088,2025-07
2025-07-31,매수,삼성전기,삼성전기,6,삼성전기,11353271.279473308,2025-07
2025-08-01,매수,카카오,카카오,5,카카오,10776393.249696454,2025-08
2025-08-04,매수,삼성전기,삼성전기,3,삼성전기,11153676.57402902,2025-08
2025-08-05,매수,삼성전기,삼성전기,5,삼성전기,11523459.497297406,2025-08
2025-08-06,관망,,삼성전기,10,삼성전기,11516126.559797406,2025-08
2025-08-07,매수,KB금융,KB금융,7,KB금융,11881993.931802558,2025-08
2025-08-08,관망,,KB금융,6,카카오,11821958.181802558,2025-08
2025-08-11,관망,,KB금융,4,카카오,11739149.822427558,2025-08
2025-08-12,관망,,KB금융,4,카카오,11884064.244302558,2025-08
2025-08-13,관망,,KB금융,9,KT&G,11935819.572427558,2025-08
2025-08-14,관망,,KB금융,10,SK하이닉스,11790904.322427558,2025-08
2025-08-18,매수,우리금융지주,우리금융지주,11,우리금융지주,11328041.106341062,2025-08
2025-08-19,관망,,우리금융지주,5,NAVER,11328041.106341062,2025-08
2025-08-20,매수,현대차,현대차,8,현대차,11241669.15760094,2025-08
2025-08-21,관망,,현대차,6,메리츠금융지주,11292177.40760094,2025-08
2025-08-22,관망,,현대차,5,현대차,11216414.22010094,2025-08
2025-08-25,관망,,현대차,9,메리츠금융지주,11317433.15760094,2025-08
2025-08-26,관망,,현대차,12,현대차,11140651.03260094,2025-08
2025-08-27,관망,,현대차,5,SK하이닉스,11216414.22010094,2025-08
2025-08-28,매수,SK텔레콤,SK텔레콤,9,SK텔레콤,11424860.591580018,2025-08
2025-08-29,관망,,SK텔레콤,9,SK,11279770.505642518,2025-08
2025-09-01,관망,,SK텔레콤,5,기아,11404133.669705018,2025-09
2025-09-02,관망,,SK텔레콤,6,LG,11383406.747830018,2025-09
2025-09-03,관망,,SK텔레콤,8,NAVER,11321224.349392518,2025-09
2025-09-04,관망,,SK텔레콤,10,LG,11383406.747830018,2025-09
2025-09-05,관망,,SK텔레콤,14,LG,11404133.669705018,2025-09
2025-09-08,관망,,SK텔레콤,8,NAVER,11259042.767361268,2025-09
2025-09-09,관망,,SK텔레콤,9,LG,11279770.505642518,2025-09
2025-09-10,관망,,SK텔레콤,13,SK이노베이션,11404133.669705018,2025-09
2025-09-11,관망,,SK텔레콤,16,NAVER,11424860.591580018,2025-09
2025-09-12,관망,,SK텔레콤,15,삼성바이오로직스,11466315.251736268,2025-09
2025-09-15,관망,,SK텔레콤,15,삼성전자,11341952.087673768,2025-09
2025-09-16,관망,,SK텔레콤,11,삼성바이오로직스,11341952.087673768,2025-09
2025-09-17,관망,,SK텔레콤,12,우리금융지주,11528496.833767518,2025-09
2025-09-18,관망,,SK텔레콤,12,POSCO홀딩스,11528496.833767518,2025-09
2025-09-22,관망,,SK텔레콤,14,KT&G,11466315.251736268,2025-09
2025-09-23,관망,,SK텔레콤,12,신한지주,11445588.329861268,2025-09
2025-09-24,관망,,SK텔레콤,9,삼성SDI,11466315.251736268,2025-09
2025-09-25,관망,,SK텔레콤,8,SK텔레콤,11487042.173611268,2025-09
2025-09-26,관망,,SK텔레콤,7,삼성SDI,11424860.591580018,2025-09
2025-09-29,관망,,SK텔레콤,2,셀트리온,11341952.087673768,2025-09
2025-09-30,관망,,SK텔레콤,8,POSCO홀딩스,11300497.427517518,2025-09
2025-10-01,관망,,SK텔레콤,1,셀트리온,11321224.349392518,2025-10
2025-10-02,관망,,SK텔레콤,4,셀트리온,11321224.349392518,2025-10
2025-10-10,관망,,SK텔레콤,10,SK이노베이션,11362679.009548768,2025-10
2025-10-13,관망,,SK텔레콤,3,삼성SDI,11300497.427517518,2025-10
2025-10-14,관망,,SK텔레콤,10,SK이노베이션,11155407.341580018,2025-10
2025-10-15,관망,,SK텔레콤,11,POSCO홀딩스,11259042.767361268,2025-10
2025-10-16,관망,,SK텔레콤,14,SK이노베이션,11404133.669705018,2025-10
2025-10-17,관망,,SK텔레콤,18,기아,11341952.087673768,2025-10
2025-10-20,관망,,SK텔레콤,11,기아,11341952.087673768,2025-10
2025-10-21,관망,,SK텔레콤,20,메리츠금융지주,11300497.427517518,2025-10
2025-10-22,관망,,SK텔레콤,15,기아,11362679.009548768,2025-10
2025-10-23,관망,,SK텔레콤,18,메리츠금융지주,11279770.505642518,2025-10
2025-10-24,관망,,SK텔레콤,6,LG,11196861.185330018,2025-10
2025-10-27,관망,,SK텔레콤,16,하나금융지주,11196861.185330018,2025-10
2025-10-28,관망,,SK텔레콤,13,메리츠금융지주,11196861.185330018,2025-10
2025-10-29,관망,,SK텔레콤,5,카카오,11259042.767361268,2025-10
2025-10-30,매수,카카오,카카오,5,카카오,10345680.141196404,2025-10
2025-10-31,매수,HMM,HMM,3,HMM,10491272.398298543,2025-10
2025-11-03,관망,,HMM,4,카카오,10338182.769392293,2025-11
2025-11-04,관망,,HMM,3,NAVER,10312667.660017293,2025-11
2025-11-05,매수,SK텔레콤,SK텔레콤,5,SK텔레콤,10235996.094599834,2025-11
2025-11-06,관망,,SK텔레콤,3,NAVER,10390706.504756084,2025-11
2025-11-07,관망,,SK텔레콤,8,SK텔레콤,10371367.989131084,2025-11
2025-11-10,매수,카카오,카카오,3,카카오,10276731.880030552,2025-11
2025-11-11,매수,SK텔레콤,SK텔레콤,7,SK텔레콤,10786298.016973536,2025-11
2025-11-12,관망,,SK텔레콤,4,SK텔레콤,10766462.860723536,2025-11
2025-11-13,관망,,SK텔레콤,9,KT&G,10766462.860723536,2025-11
2025-11-14,관망,,SK텔레콤,6,메리츠금융지주,10726794.110723536,2025-11
2025-11-17,관망,,SK텔레콤,5,KT&G,10667290.204473536,2025-11
2025-11-18,관망,,SK텔레콤,5,기아,10488777.704473536,2025-11
2025-11-19,관망,,SK텔레콤,1,셀트리온,10627620.673223536,2025-11
2025-11-20,관망,,SK텔레콤,9,SK텔레콤,10627620.673223536,2025-11
2025-11-21,관망,,SK텔레콤,3,셀트리온,10627620.673223536,2025-11
2025-11-24,관망,,SK텔레콤,4,셀트리온,10766462.860723536,2025-11
2025-11-25,관망,,SK텔레콤,3,SK텔레콤,10647455.048223536,2025-11
2025-11-26,관망,,SK텔레콤,5,삼성전자,10766462.860723536,2025-11
2025-11-27,관망,,SK텔레콤,10,삼성전기,10627620.673223536,2025-11
2025-11-28,관망,,SK텔레콤,4,현대모비스,10647455.048223536,2025-11
2025-12-01,관망,,SK텔레콤,3,현대모비스,10647455.048223536,2025-12
2025-12-02,관망,,SK텔레콤,8,우리금융지주,10627620.673223536,2025-12
2025-12-03,관망,,SK텔레콤,14,우리금융지주,10726794.110723536,2025-12
2025-12-04,관망,,SK텔레콤,14,삼성생명,10786298.016973536,2025-12
2025-12-05,관망,,SK텔레콤,13,현대차,10825966.766973536,2025-12
2025-12-08,관망,,SK텔레콤,15,현대차,10726794.110723536,2025-12
2025-12-09,관망,,SK텔레콤,14,삼성SDI,10746628.485723536,2025-12
2025-12-10,관망,,SK텔레콤,11,HMM,10667290.204473536,2025-12
2025-12-11,관망,,SK텔레콤,6,SK하이닉스,10627620.673223536,2025-12
2025-12-12,관망,,SK텔레콤,8,LG에너지솔루션,10746628.485723536,2025-12
2025-12-15,관망,,SK텔레콤,13,메리츠금융지주,10667290.204473536,2025-12
2025-12-16,관망,,SK텔레콤,3,셀트리온,10548281.610723536,2025-12
2025-12-17,관망,,SK텔레콤,4,삼성바이오로직스,10548281.610723536,2025-12
2025-12-18,관망,,SK텔레콤,3,SK하이닉스,10548281.610723536,2025-12
2025-12-19,관망,,SK텔레콤,2,SK하이닉스,10647455.048223536,2025-12
2025-12-22,관망,,SK텔레콤,7,SK텔레콤,10587951.141973536,2025-12
2025-12-23,관망,,SK텔레콤,6,NAVER,10627620.673223536,2025-12
2025-12-24,관망,,SK텔레콤,3,SK텔레콤,10627620.673223536,2025-12
2025-12-26,관망,,SK텔레콤,5,SK하이닉스,10568116.766973536,2025-12
2025-12-29,관망,,SK텔레콤,4,SK하이닉스,10587951.141973536,2025-12
2025-12-30,관망,,SK텔레콤,9,SK텔레콤,10647455.048223536,2025-12
2026-01-02,관망,,SK텔레콤,6,NAVER,10607785.516973536,2026-01
2026-01-05,관망,,SK텔레콤,6,카카오,10548281.610723536,2026-01
2026-01-06,관망,,SK텔레콤,14,NAVER,10587951.141973536,2026-01
2026-01-07,관망,,SK텔레콤,17,SK,10568116.766973536,2026-01
2026-01-08,관망,,SK텔레콤,10,기아,10508612.860723536,2026-01
2026-01-09,관망,,SK텔레콤,11,셀트리온,10548281.610723536,2026-01
2026-01-12,관망,,SK텔레콤,13,현대차,10548281.610723536,2026-01
2026-01-13,관망,,SK텔레콤,17,SK이노베이션,10806132.391973536,2026-01
2026-01-14,관망,,SK텔레콤,19,POSCO홀딩스,10925140.204473536,2026-01
2026-01-15,관망,,SK텔레콤,14,SK텔레콤,10925140.204473536,2026-01
2026-01-16,관망,,SK텔레콤,16,LG에너지솔루션,11004479.266973536,2026-01
2026-01-19,매수,고려아연,고려아연,11,고려아연,10725920.584521307,2026-01
2026-01-20,매수,LG에너지솔루션,LG에너지솔루션,12,LG에너지솔루션,10643119.217737839,2026-01
2026-01-21,관망,,LG에너지솔루션,15,HMM,10422119.217737839,2026-01
2026-01-22,매수,우리금융지주,우리금융지주,5,우리금융지주,10987498.47173705,2026-01
2026-01-23,매수,SK이노베이션,SK이노베이션,12,SK이노베이션,10751314.782492809,2026-01
2026-01-26,관망,,SK이노베이션,11,기업은행,11010514.782492809,2026-01
2026-01-27,매수,카카오,카카오,9,카카오,10880885.468715286,2026-01
2026-01-28,관망,,카카오,9,메리츠금융지주,10810983.222621536,2026-01
2026-01-29,관망,,카카오,6,메리츠금융지주,10810983.222621536,2026-01
2026-01-30,관망,,카카오,9,메리츠금융지주,10741081.660121536,2026-01
2026-02-02,매수,메리츠금융지주,메리츠금융지주,6,메리츠금융지주,10602251.233899858,2026-02
2026-02-03,매수,메리츠금융지주,메리츠금융지주,4,메리츠금융지주,10775411.233899856,2026-02
2026-02-04,관망,,메리츠금융지주,10,NAVER,10928411.233899856,2026-02
2026-02-05,매수,HMM,HMM,3,HMM,11055403.840362385,2026-02
2026-02-06,매도,손절-3%,현금,0,-,10753591.068873923,2026-02
2026-02-09,매수,셀트리온,셀트리온,2,셀트리온,10990079.238483297,2026-02
2026-02-10,관망,,셀트리온,8,셀트리온,10871031.582233297,2026-02
2026-02-11,매수,HMM,HMM,6,HMM,10778710.075627383,2026-02
2026-02-12,관망,,HMM,8,셀트리온,10932090.749455508,2026-02
2026-02-13,매수,HMM,HMM,10,HMM,10855605.520549012,2026-02
2026-02-19,매수,HMM,HMM,2,HMM,11461039.194815803,2026-02
2026-02-20,관망,,HMM,9,기아,11688053.726065803,2026-02
2026-02-23,관망,,HMM,5,LG화학,11587158.491690803,2026-02
2026-02-24,관망,,HMM,5,기아,11587158.491690803,2026-02
2026-02-25,매수,삼성바이오로직스,삼성바이오로직스,8,삼성바이오로직스,11781753.357193848,2026-02
2026-02-26,매수,LG에너지솔루션,LG에너지솔루션,7,LG에너지솔루션,11915752.281193847,2026-02
2026-02-27,매수,삼성바이오로직스,삼성바이오로직스,9,삼성바이오로직스,11769856.163443845,2026-02
2026-03-03,매수,카카오,카카오,5,카카오,10448359.818522979,2026-03
2026-03-04,매수,고려아연,고려아연,1,고려아연,8782480.02485869,2026-03
2026-03-05,매도,손절(갭)-3.2%,현금,0,-,9550432.878393369,2026-03
2026-03-06,매수,삼성바이오로직스,삼성바이오로직스,7,삼성바이오로직스,9699222.378393369,2026-03
2026-03-09,매수,카카오,카카오,5,카카오,9306291.118393367,2026-03
2026-03-10,매도,익절(갭)+3.4%,현금,0,-,9543399.038393367,2026-03
2026-03-11,매수,삼성바이오로직스,삼성바이오로직스,5,삼성바이오로직스,9677176.538393367,2026-03
2026-03-12,관망,,삼성바이오로직스,3,삼성바이오로직스,9517176.538393367,2026-03
2026-03-13,매수,LG에너지솔루션,LG에너지솔루션,3,LG에너지솔루션,9254292.213393364,2026-03
2026-03-16,관망,,LG에너지솔루션,1,카카오,9179292.213393364,2026-03
2026-03-17,관망,,LG에너지솔루션,0,-,9541792.213393364,2026-03
2026-03-18,매수,LG에너지솔루션,LG에너지솔루션,2,LG에너지솔루션,9594338.463393364,2026-03
2026-03-19,매수,SK이노베이션,SK이노베이션,6,SK이노베이션,9223317.178393364,2026-03
2026-03-20,매도,익절+3%,현금,0,-,9605649.947093364,2026-03
2026-03-23,매수,SK이노베이션,SK이노베이션,8,SK이노베이션,9131216.757093363,2026-03
2026-03-24,매도,손절-3%,현금,0,-,9297652.638793362,2026-03
2026-03-25,매수,LG에너지솔루션,LG에너지솔루션,14,LG에너지솔루션,9342300.238793362,2026-03
2026-03-26,매수,LG에너지솔루션,LG에너지솔루션,10,LG에너지솔루션,8829722.12079336,2026-03
2026-03-27,매수,POSCO홀딩스,POSCO홀딩스,4,POSCO홀딩스,8753997.299601465,2026-03
2026-03-30,관망,,POSCO홀딩스,8,LG에너지솔루션,8766441.049601465,2026-03
2026-03-31,관망,,POSCO홀딩스,4,LG화학,8505114.487101465,2026-03
2026-04-01,매수,KT&G,KT&G,2,KT&G,8794290.306844505,2026-04
2026-04-02,매수,POSCO홀딩스,POSCO홀딩스,19,POSCO홀딩스,8316462.801830649,2026-04
2026-04-03,매수,SK이노베이션,SK이노베이션,4,SK이노베이션,8762540.486521283,2026-04
2026-04-06,매수,LG화학,LG화학,8,LG화학,9395754.472921282,2026-04
2026-04-07,매수,LG에너지솔루션,LG에너지솔루션,11,LG에너지솔루션,9371174.297921281,2026-04
2026-04-08,매수,LG화학,LG화학,5,LG화학,9678140.54592128,2026-04
2026-04-09,매수,HMM,HMM,18,HMM,9979075.655921279,2026-04
2026-04-10,매수,HMM,HMM,8,HMM,10621776.939221276,2026-04
2026-04-13,매수,HMM,HMM,19,HMM,10352899.664221276,2026-04
2026-04-14,매수,고려아연,고려아연,11,고려아연,9862370.656489126,2026-04
2026-04-15,매수,기업은행,기업은행,23,기업은행,9770057.113624677,2026-04
2026-04-16,관망,,기업은행,15,기업은행,9944057.113624677,2026-04
2026-04-17,관망,,기업은행,17,한국전력,9813557.113624677,2026-04
2026-04-20,관망,,기업은행,11,한국전력,9835307.113624677,2026-04
2026-04-21,관망,,기업은행,7,한국전력,9813557.113624677,2026-04
2026-04-22,관망,,기업은행,11,NAVER,9726557.113624677,2026-04
2026-04-23,관망,,기업은행,4,셀트리온,9704807.113624677,2026-04
2026-04-24,관망,,기업은행,2,셀트리온,9726557.113624677,2026-04
2026-04-27,관망,,기업은행,1,셀트리온,9661307.113624677,2026-04
2026-04-28,관망,,기업은행,0,-,9791807.113624677,2026-04
2026-04-29,관망,,기업은행,2,셀트리온,9813557.113624677,2026-04
2026-04-30,관망,,기업은행,1,기아,9835307.113624677,2026-04
2026-05-04,관망,,기업은행,0,-,9617807.113624677,2026-05
2026-05-06,매수,HMM,HMM,2,HMM,9402397.435999675,2026-05
2026-05-07,관망,,HMM,1,고려아연,9585197.435999675,2026-05
2026-05-08,관망,,HMM,3,HMM,9425247.435999675,2026-05
2026-05-11,매수,기아,기아,1,기아,9464592.113524674,2026-05
2026-05-12,매수,기아,기아,1,기아,9097170.173524674,2026-05
2026-05-13,매수,셀트리온,셀트리온,1,셀트리온,8688364.777994204,2026-05
2026-05-14,매수,SK텔레콤,SK텔레콤,2,SK텔레콤,8483178.631684508,2026-05
2026-05-15,매수,셀트리온,셀트리온,7,셀트리온,8098820.735889104,2026-05
2026-05-18,매수,SK텔레콤,SK텔레콤,1,SK텔레콤,7917097.62263778,2026-05
2026-05-19,매수,HMM,HMM,2,HMM,7692494.284606532,2026-05
2026-05-20,매수,SK텔레콤,SK텔레콤,1,SK텔레콤,7417944.7208183445,2026-05
2026-05-21,매수,SK텔레콤,SK텔레콤,1,SK텔레콤,7761041.3465673225,2026-05
2026-05-22,매수,HMM,HMM,9,HMM,8368409.733545952,2026-05
2026-05-26,관망,,HMM,9,HMM,8246009.733545952,2026-05
2026-05-27,매수,삼성바이오로직스,삼성바이오로직스,2,삼성바이오로직스,7884748.99414595,2026-05
2026-05-28,매도,손절-3%,현금,0,-,7812744.081645951,2026-05
2026-05-29,매수,삼성SDI,삼성SDI,2,삼성SDI,7899622.08164595,2026-05
2026-06-01,매수,NAVER,NAVER,5,NAVER,8185493.041645949,2026-06
2026-06-02,매수,NAVER,NAVER,5,NAVER,8435828.041645948,2026-06
2026-06-04,매수,NAVER,NAVER,4,NAVER,8027370.541645948,2026-06
2026-06-05,매수,HMM,HMM,9,HMM,7534673.4481459465,2026-06
2026-06-08,매수,기업은행,기업은행,8,기업은행,7221759.853145946,2026-06
2026-06-09,매수,NAVER,NAVER,1,NAVER,6622814.695045945,2026-06
2026-06-10,매수,기업은행,기업은행,13,기업은행,6447301.155045945,2026-06
2026-06-11,관망,,기업은행,4,기업은행,6462701.155045945,2026-06
2026-06-12,매수,기업은행,기업은행,5,기업은행,6708871.667545944,2026-06
2026-06-15,매수,메리츠금융지주,메리츠금융지주,13,메리츠금융지주,6889211.142545943,2026-06
2026-06-16,매수,HMM,HMM,17,HMM,7366773.049095944,2026-06
2026-06-17,매수,HMM,HMM,11,HMM,7333253.494095943,2026-06
2026-06-18,매수,셀트리온,셀트리온,13,셀트리온,7049429.713145942,2026-06
2026-06-19,매수,삼성바이오로직스,삼성바이오로직스,6,삼성바이오로직스,6538276.169145943,2026-06
2026-06-22,매수,LG에너지솔루션,LG에너지솔루션,7,LG에너지솔루션,6173481.769145941,2026-06
2026-06-23,매수,한국전력,한국전력,5,한국전력,5831227.769145941,2026-06
2026-06-24,매도,손절(갭)-4.8%,현금,0,-,5882620.169145942,2026-06
2026-06-25,매수,삼성바이오로직스,삼성바이오로직스,11,삼성바이오로직스,5893790.369145941,2026-06
2026-06-26,매수,기아,기아,8,기아,5584543.453145941,2026-06
2026-06-29,매도,손절-3%,현금,0,-,5521640.593045941,2026-06
2026-06-30,매수,LG에너지솔루션,LG에너지솔루션,9,LG에너지솔루션,5107818.44304594,2026-06
2026-07-01,매수,SK,SK,1,SK,4685028.993045939,2026-07
2026-07-02,매수,셀트리온,셀트리온,5,셀트리온,4425176.543045939,2026-07
2026-07-03,매수,셀트리온,셀트리온,5,셀트리온,4589741.348045939,2026-07
2026-07-06,매수,셀트리온,셀트리온,9,셀트리온,4270022.555645938,2026-07
