date,side,tic,name,qty,price,pnl_pct,buy_hit,sell_hit,signals,rank2,rank2_hit,prev_buy_hit
2025-06-25,BUY,207940,삼성바이오로직스,6,1537536.0,,7.0,3.0,"지지반등,RSI탈출,BB회귀,W패턴,200일선,STO_GC,피보나치",한국전력,6.0,
2025-06-26,SELL,207940,삼성바이오로직스,6,1548298.75,0.6999998699217524,,,,,,7.0
2025-06-26,BUY,015760,한국전력,283,35436.347059729065,,6.0,0.0,"GC,RSI탈출,MACD,BB회귀,W패턴,STO_GC",메리츠금융지주,5.0,
2025-06-27,SELL,015760,한국전력,283,38534.60716560509,8.743170114723764,,,,,,6.0
2025-06-27,BUY,015760,한국전력,282,38534.60716560509,,6.0,0.0,"GC,RSI탈출,MACD,BB회귀,W패턴,STO_GC",LG화학,3.0,
2025-06-30,SELL,015760,한국전력,282,37517.99049280375,-2.63819134948583,,,,,,6.0
2025-06-30,BUY,015760,한국전력,282,37517.99049280375,,4.0,2.0,"GC,MACD,W패턴,STO_GC",신한지주,3.0,
2025-07-01,SELL,015760,한국전력,282,37566.40106225297,0.12903294876227545,,,,,,4.0
2025-07-01,BUY,138040,메리츠금융지주,93,113300.0,,7.0,3.0,"GC,RSI탈출,MACD,BB회귀,200일선,STO_GC,피보나치",한국전력,6.0,
2025-07-02,SELL,138040,메리츠금융지주,93,114500.0,1.0591350397175736,,,,,,7.0
2025-07-02,BUY,138040,메리츠금융지주,93,114500.0,,6.0,1.0,"GC,RSI탈출,MACD,BB회귀,STO_GC,피보나치",삼성바이오로직스,5.0,
2025-07-03,SELL,138040,메리츠금융지주,93,115800.0,1.1353711790393017,,,,,,6.0
2025-07-03,BUY,207940,삼성바이오로직스,6,1560599.0,,7.0,1.0,"지지반등,RSI탈출,MACD,BB회귀,W패턴,200일선,STO_GC",셀트리온,7.0,
2025-07-04,SELL,207940,삼성바이오로직스,6,1619025.375,3.743842909036843,,,,,,7.0
2025-07-04,BUY,207940,삼성바이오로직스,6,1619025.375,,7.0,0.0,"RSI탈출,MACD,BB회귀,W패턴,200일선,STO_GC,피보나치",셀트리온,6.0,
2025-07-07,SELL,207940,삼성바이오로직스,6,1597499.875,-1.3295344429052003,,,,,,7.0
2025-07-07,BUY,068270,셀트리온,64,168912.30901736376,,6.0,3.0,"GC,MACD,BB회귀,거래량돌파,W패턴,STO_GC",HMM,5.0,
2025-07-08,SELL,068270,셀트리온,64,168817.4700825024,-0.05614684649868362,,,,,,6.0
2025-07-08,BUY,068270,셀트리온,64,168817.4700825024,,5.0,3.0,"GC,MACD,BB회귀,W패턴,STO_GC",LG에너지솔루션,4.0,
2025-07-09,SELL,068270,셀트리온,64,165213.49280574912,-2.1348366818860542,,,,,,5.0
2025-07-09,BUY,010130,고려아연,12,858278.3832796013,,5.0,1.0,"MACD,BB회귀,200일선,STO_GC,피보나치",HMM,4.0,
2025-07-10,SELL,010130,고려아연,12,833756.1395759718,-2.8571433443222327,,,,,,5.0
2025-07-10,BUY,207940,삼성바이오로직스,6,1566749.125,,8.0,0.0,"GC,지지반등,RSI탈출,MACD,BB회귀,W패턴,200일선,STO_GC",HMM,5.0,
2025-07-11,SELL,207940,삼성바이오로직스,6,1640550.875,4.71050207224466,,,,,,8.0
2025-07-11,BUY,207940,삼성바이오로직스,6,1640550.875,,8.0,0.0,"GC,RSI탈출,MACD,BB회귀,W패턴,200일선,STO_GC,피보나치",삼성물산,7.0,
2025-07-14,SELL,207940,삼성바이오로직스,6,1620562.875,-1.218371237649063,,,,,,8.0
2025-07-14,BUY,010130,고려아연,12,830813.4750146541,,6.0,1.0,"MACD,BB회귀,W패턴,200일선,STO_GC,피보나치",HMM,5.0,
2025-07-15,SELL,010130,고려아연,12,828851.6979166666,-0.23612726044830445,,,,,,6.0
2025-07-15,BUY,011200,HMM,419,25175.373046875,,5.0,1.0,"GC,MACD,BB회귀,W패턴,STO_GC",삼성물산,5.0,
2025-07-16,SELL,011200,HMM,419,24884.32889229911,-1.1560668993225387,,,,,,5.0
2025-07-16,BUY,011200,HMM,418,24884.32889229911,,4.0,1.0,"GC,MACD,BB회귀,W패턴",셀트리온,3.0,
2025-07-17,SELL,011200,HMM,418,24399.254602413366,-1.9493163427680704,,,,,,4.0
2025-07-17,BUY,207940,삼성바이오로직스,6,1611337.625,,3.0,0.0,"GC,BB회귀,200일선",삼성전자,3.0,
2025-07-18,SELL,207940,삼성바이오로직스,6,1660538.875,3.0534413915891845,,,,,,3.0
2025-07-18,BUY,207940,삼성바이오로직스,6,1660538.875,,5.0,0.0,"GC,BB회귀,W패턴,200일선,피보나치",고려아연,5.0,
2025-07-21,SELL,207940,삼성바이오로직스,6,1620562.875,-2.407411268826809,,,,,,5.0
2025-07-21,BUY,373220,LG에너지솔루션,31,324500.0,,3.0,1.0,"BB회귀,W패턴,피보나치",현대차,3.0,
2025-07-22,SELL,373220,LG에너지솔루션,31,333000.0,2.6194144838212585,,,,,,3.0
2025-07-22,BUY,010130,고려아연,12,810214.7586930456,,5.0,2.0,"MACD,BB회귀,W패턴,STO_GC,피보나치",삼성SDI,4.0,
2025-07-23,SELL,010130,고려아연,12,822966.3138619855,1.5738487891172603,,,,,,5.0
2025-07-23,BUY,017670,SK텔레콤,191,55291.125,,4.0,2.0,"GC,BB회귀,W패턴,200일선",LG에너지솔루션,3.0,
2025-07-24,SELL,017670,SK텔레콤,191,55095.753969594596,-0.3533497110167372,,,,,,4.0
2025-07-24,BUY,000270,기아,102,102691.89702380952,,6.0,3.0,"GC,MACD,BB회귀,거래량돌파,W패턴,STO_GC",현대차,5.0,
2025-07-25,SELL,000270,기아,102,100584.41777737753,-2.0522351884719403,,,,,,6.0
2025-07-25,BUY,006400,삼성SDI,53,193300.0,,5.0,1.0,"MACD,BB회귀,W패턴,STO_GC,피보나치",현대차,4.0,
2025-07-28,SELL,006400,삼성SDI,53,191900.0,-0.7242628039317078,,,,,,5.0
2025-07-28,BUY,015760,한국전력,266,38147.32300172739,,4.0,1.0,"GC,RSI탈출,BB회귀,W패턴",현대차,4.0,
2025-07-29,SELL,015760,한국전력,266,38679.8367000551,1.3959398888975683,,,,,,4.0
2025-07-29,BUY,005380,현대차,48,211263.4462801032,,5.0,1.0,"GC,MACD,BB회귀,W패턴,STO_GC",기아,5.0,
2025-07-30,SELL,005380,현대차,48,209320.80325112108,-0.9195358038448731,,,,,,5.0
2025-07-30,BUY,000270,기아,101,100584.41533627718,,5.0,1.0,"GC,MACD,BB회귀,W패턴,STO_GC",현대차,4.0,
2025-07-31,SELL,000270,기아,101,107960.60799272973,7.3333355190187355,,,,,,5.0
2025-07-31,BUY,009150,삼성전기,73,148936.26376513112,,6.0,1.0,"GC,RSI탈출,MACD,BB회귀,W패턴,STO_GC",현대차,5.0,
2025-08-01,SELL,009150,삼성전기,73,145269.83901779485,-2.4617407840431316,,,,,,6.0
2025-08-01,BUY,035720,카카오,185,57119.961064189185,,4.0,0.0,"RSI탈출,BB회귀,W패턴,STO_GC",삼성전기,4.0,
2025-08-04,SELL,035720,카카오,185,54923.04017655686,-3.8461526350893505,,,,,,4.0
2025-08-04,BUY,009150,삼성전기,71,142197.9648515469,,4.0,4.0,"GC,MACD,W패턴,STO_GC",기아,4.0,
2025-08-05,SELL,009150,삼성전기,71,153890.9105852601,8.223004981766469,,,,,,4.0
2025-08-05,BUY,009150,삼성전기,71,153890.9105852601,,6.0,2.0,"GC,RSI탈출,MACD,BB회귀,W패턴,STO_GC",현대차,5.0,
2025-08-06,SELL,009150,삼성전기,71,152206.33419023137,-1.094656200695776,,,,,,6.0
2025-08-06,BUY,009150,삼성전기,71,152206.33419023137,,6.0,1.0,"GC,RSI탈출,MACD,BB회귀,W패턴,STO_GC",KB금융,5.0,
2025-08-07,SELL,009150,삼성전기,71,159638.28072681907,4.882810282585903,,,,,,6.0
2025-08-07,BUY,105560,KB금융,101,111497.81569972826,,5.0,1.0,"GC,RSI탈출,BB회귀,W패턴,STO_GC",SK이노베이션,5.0,
2025-08-08,SELL,105560,KB금융,101,111225.16888766519,-0.24453107924313766,,,,,,5.0
2025-08-08,BUY,035720,카카오,180,62412.54561373433,,6.0,0.0,"GC,RSI탈출,MACD,BB회귀,W패턴,STO_GC",NAVER,5.0,
2025-08-11,SELL,035720,카카오,180,64110.16796875,2.7200017854136282,,,,,,6.0
2025-08-11,BUY,035720,카카오,180,64110.16796875,,6.0,0.0,"GC,RSI탈출,MACD,BB회귀,W패턴,STO_GC",KT&G,6.0,
2025-08-12,SELL,035720,카카오,180,63710.72726157771,-0.6230535963764661,,,,,,6.0
2025-08-12,BUY,035720,카카오,179,63710.72726157771,,6.0,1.0,"GC,RSI탈출,MACD,BB회귀,W패턴,STO_GC",신한지주,5.0,
2025-08-13,SELL,035720,카카오,179,64509.60530265748,1.253914490411967,,,,,,6.0
2025-08-13,BUY,033780,KT&G,85,135017.11028343023,,6.0,1.0,"GC,RSI탈출,MACD,BB회귀,W패턴,STO_GC",KB금융,5.0,
2025-08-14,SELL,033780,KT&G,85,132123.88200028046,-2.1428604693703335,,,,,,6.0
2025-08-14,BUY,000660,SK하이닉스,40,276345.24497061485,,6.0,0.0,"GC,RSI탈출,MACD,BB회귀,W패턴,STO_GC",KB금융,6.0,
2025-08-18,SELL,000660,SK하이닉스,40,270868.14953271026,-1.9819756401044608,,,,,,6.0
2025-08-18,BUY,138040,메리츠금융지주,92,120000.0,,5.0,0.0,"RSI탈출,MACD,BB회귀,W패턴,STO_GC",SK이노베이션,5.0,
2025-08-19,SELL,138040,메리츠금융지주,92,119400.0,-0.5000000000000004,,,,,,5.0
2025-08-19,BUY,035420,NAVER,48,225629.88691796007,,5.0,1.0,"RSI탈출,BB회귀,W패턴,STO_GC,피보나치",카카오,4.0,
2025-08-20,SELL,035420,NAVER,48,219197.453125,-2.8508784367289652,,,,,,5.0
2025-08-20,BUY,032830,삼성생명,84,125856.73882294877,,5.0,0.0,"GC,RSI탈출,MACD,BB회귀,W패턴",현대차,5.0,
2025-08-21,SELL,032830,삼성생명,84,126146.95991750358,0.23059638861537834,,,,,,5.0
2025-08-21,BUY,138040,메리츠금융지주,87,121500.0,,6.0,0.0,"GC,RSI탈출,MACD,BB회귀,W패턴,STO_GC",삼성생명,5.0,
2025-08-22,SELL,138040,메리츠금융지주,87,128000.0,5.3497942386831365,,,,,,6.0
2025-08-22,BUY,005380,현대차,51,215634.43380681818,,6.0,0.0,"GC,RSI탈출,MACD,BB회귀,W패턴,STO_GC",메리츠금융지주,6.0,
2025-08-25,SELL,005380,현대차,51,215148.7587626689,-0.2252307461174663,,,,,,6.0
2025-08-25,BUY,138040,메리츠금융지주,86,128800.0,,6.0,0.0,"GC,RSI탈출,MACD,BB회귀,W패턴,STO_GC",삼성바이오로직스,6.0,
2025-08-26,SELL,138040,메리츠금융지주,86,128400.0,-0.31055900621117516,,,,,,6.0
2025-08-26,BUY,005380,현대차,51,214177.41794193364,,6.0,0.0,"GC,RSI탈출,MACD,BB회귀,W패턴,STO_GC",LG,6.0,
2025-08-27,SELL,005380,현대차,51,212720.45497159092,-0.6802598445451946,,,,,,6.0
2025-08-27,BUY,000660,SK하이닉스,42,257922.20823317306,,5.0,3.0,"GC,RSI탈출,MACD,BB회귀,STO_GC",현대모비스,4.0,
2025-08-28,SELL,000660,SK하이닉스,42,253308.35847299814,-1.7888532328335982,,,,,,5.0
2025-08-28,BUY,017670,SK텔레콤,197,54545.31783640711,,6.0,2.0,"GC,RSI탈출,BB회귀,W패턴,200일선,STO_GC",고려아연,5.0,
2025-08-29,SELL,017670,SK텔레콤,197,54545.32006745849,4.0902711218038235e-06,,,,,,6.0
2025-08-29,BUY,034730,SK,53,202363.64039855072,,6.0,0.0,"GC,RSI탈출,MACD,BB회귀,W패턴,STO_GC",삼성물산,6.0,
2025-09-01,SELL,034730,SK,53,199913.71739130435,-1.210653753026636,,,,,,6.0
2025-09-01,BUY,000270,기아,103,102308.71998239437,,5.0,2.0,"GC,MACD,BB회귀,W패턴,STO_GC",SK하이닉스,5.0,
2025-09-02,SELL,000270,기아,103,101733.95162371735,-0.5617980156294777,,,,,,5.0
2025-09-02,BUY,003550,LG,144,72577.0108125,,5.0,0.0,"RSI탈출,MACD,BB회귀,STO_GC,피보나치",셀트리온,5.0,
2025-09-03,SELL,003550,LG,144,71709.55452127659,-1.195221849883643,,,,,,5.0
2025-09-03,BUY,035420,NAVER,46,222166.27297794117,,5.0,0.0,"RSI탈출,MACD,BB회귀,STO_GC,피보나치",삼성물산,5.0,
2025-09-04,SELL,035420,NAVER,46,219197.45505231275,-1.3363045100563853,,,,,,5.0
2025-09-04,BUY,003550,LG,141,72095.09453642384,,7.0,0.0,"GC,RSI탈출,MACD,BB회귀,W패턴,STO_GC,피보나치",고려아연,5.0,
2025-09-05,SELL,003550,LG,141,72384.24498801256,0.4010681357004664,,,,,,7.0
2025-09-05,BUY,003550,LG,141,72384.24498801256,,7.0,0.0,"GC,RSI탈출,MACD,BB회귀,W패턴,STO_GC,피보나치",SK이노베이션,7.0,
2025-09-08,SELL,003550,LG,141,72673.40120635706,0.3994739717080309,,,,,,7.0
2025-09-08,BUY,035420,NAVER,45,226124.6930167215,,7.0,0.0,"GC,RSI탈출,MACD,BB회귀,W패턴,STO_GC,피보나치",LG,7.0,
2025-09-09,SELL,035420,NAVER,45,226124.69118641777,-8.094223180599158e-07,,,,,,7.0
2025-09-09,BUY,003550,LG,138,73733.61798696566,,7.0,0.0,"GC,RSI탈출,MACD,BB회귀,W패턴,STO_GC,피보나치",SK이노베이션,7.0,
2025-09-10,SELL,003550,LG,138,74119.14828667954,0.5228690931482927,,,,,,7.0
2025-09-10,BUY,096770,SK이노베이션,96,106000.0,,8.0,0.0,"GC,RSI탈출,MACD,BB회귀,W패턴,200일선,STO_GC,피보나치",삼성바이오로직스,7.0,
2025-09-11,SELL,096770,SK이노베이션,96,106500.0,0.4716981132075526,,,,,,8.0
2025-09-11,BUY,035420,NAVER,44,232062.3133717811,,7.0,1.0,"GC,RSI탈출,MACD,BB회귀,W패턴,STO_GC,피보나치",하나금융지주,6.0,
2025-09-12,SELL,035420,NAVER,44,232062.31163930084,-7.465582152477168e-07,,,,,,7.0
2025-09-12,BUY,207940,삼성바이오로직스,6,1594424.75,,7.0,1.0,"GC,RSI탈출,MACD,BB회귀,W패턴,200일선,STO_GC",SK이노베이션,7.0,
2025-09-15,SELL,207940,삼성바이오로직스,6,1586737.125,-0.4821566524227605,,,,,,7.0
2025-09-15,BUY,005930,삼성전자,133,76327.29783496732,,7.0,0.0,"GC,RSI탈출,MACD,BB회귀,거래량돌파,W패턴,STO_GC",삼성바이오로직스,7.0,
2025-09-16,SELL,005930,삼성전자,133,76030.69828400503,-0.3885890885376164,,,,,,7.0
2025-09-16,BUY,207940,삼성바이오로직스,6,1589812.125,,7.0,1.0,"GC,RSI탈출,MACD,BB회귀,W패턴,200일선,STO_GC",하나금융지주,6.0,
2025-09-17,SELL,207940,삼성바이오로직스,6,1582124.5,-0.4835555647809686,,,,,,7.0
2025-09-17,BUY,316140,우리금융지주,388,25810.676071982347,,6.0,0.0,"GC,RSI탈출,MACD,BB회귀,W패턴,STO_GC",신한지주,6.0,
2025-09-18,SELL,316140,우리금융지주,388,25230.662109375,-2.247186245682875,,,,,,6.0
2025-09-18,BUY,005490,POSCO홀딩스,35,277688.4468694885,,7.0,1.0,"RSI탈출,MACD,BB회귀,W패턴,200일선,STO_GC,피보나치",SK텔레콤,6.0,
2025-09-22,SELL,005490,POSCO홀딩스,35,277688.42168003565,-9.071120221637585e-06,,,,,,7.0
2025-09-22,BUY,033780,KT&G,70,138657.36697931276,,6.0,0.0,"GC,RSI탈출,MACD,BB회귀,W패턴,STO_GC",셀트리온,6.0,
2025-09-23,SELL,033780,KT&G,70,140118.96958274895,1.054111033028815,,,,,,6.0
2025-09-23,BUY,055550,신한지주,145,67665.79737795064,,6.0,1.0,"GC,RSI탈출,MACD,BB회귀,W패턴,STO_GC",KT&G,6.0,
2025-09-24,SELL,055550,신한지주,145,68349.28432525326,1.0100922087490805,,,,,,6.0
2025-09-24,BUY,006400,삼성SDI,46,211500.0,,7.0,0.0,"GC,RSI탈출,MACD,BB회귀,W패턴,200일선,STO_GC",LG에너지솔루션,6.0,
2025-09-25,SELL,006400,삼성SDI,46,206000.0,-2.6004728132387744,,,,,,7.0
2025-09-25,BUY,017670,SK텔레콤,176,54644.49075803895,,6.0,2.0,"GC,MACD,BB회귀,W패턴,200일선,STO_GC",HMM,5.0,
2025-09-26,SELL,017670,SK텔레콤,176,54545.31783640711,-0.18148750268526248,,,,,,6.0
2025-09-26,BUY,006400,삼성SDI,46,208000.0,,7.0,1.0,"GC,RSI탈출,MACD,BB회귀,W패턴,200일선,STO_GC",LG에너지솔루션,6.0,
2025-09-29,SELL,006400,삼성SDI,46,205500.0,-1.2019230769230727,,,,,,7.0
2025-09-29,BUY,068270,셀트리온,55,170714.28811786964,,5.0,2.0,"GC,MACD,BB회귀,W패턴,STO_GC",KT&G,4.0,
2025-09-30,SELL,068270,셀트리온,55,168343.26142863475,-1.3888859071935489,,,,,,5.0
2025-09-30,BUY,005490,POSCO홀딩스,34,270819.8125,,6.0,2.0,"지지반등,RSI탈출,MACD,BB회귀,200일선,피보나치",LG에너지솔루션,5.0,
2025-10-01,SELL,005490,POSCO홀딩스,34,271801.05625,0.3623234729180025,,,,,,6.0
2025-10-01,BUY,068270,셀트리온,56,165972.22493630866,,4.0,5.0,"GC,MACD,W패턴,STO_GC",삼성생명,3.0,
2025-10-02,SELL,068270,셀트리온,56,166351.58731816759,0.22856979955803158,,,,,,4.0
2025-10-02,BUY,068270,셀트리온,56,166351.58731816759,,6.0,1.0,"GC,MACD,BB회귀,W패턴,200일선,STO_GC",메리츠금융지주,4.0,
2025-10-10,SELL,068270,셀트리온,56,166730.9572693901,0.2280530996659147,,,,,,6.0
2025-10-10,BUY,096770,SK이노베이션,88,104900.0,,6.0,3.0,"RSI탈출,BB회귀,W패턴,200일선,STO_GC,피보나치",LG에너지솔루션,5.0,
2025-10-13,SELL,096770,SK이노베이션,88,101800.0,-2.9551954242135414,,,,,,6.0
2025-10-13,BUY,006400,삼성SDI,44,203500.0,,5.0,2.0,"GC,MACD,BB회귀,W패턴,200일선",SK텔레콤,5.0,
2025-10-14,SELL,006400,삼성SDI,44,211500.0,3.9312039312039415,,,,,,5.0
2025-10-14,BUY,096770,SK이노베이션,90,103000.0,,8.0,2.0,"지지반등,RSI탈출,MACD,BB회귀,W패턴,200일선,STO_GC,피보나치",고려아연,6.0,
2025-10-15,SELL,096770,SK이노베이션,90,106500.0,3.398058252427183,,,,,,8.0
2025-10-15,BUY,096770,SK이노베이션,90,106500.0,,7.0,2.0,"RSI탈출,MACD,BB회귀,W패턴,200일선,STO_GC,피보나치",삼성바이오로직스,7.0,
2025-10-16,SELL,096770,SK이노베이션,90,108100.0,1.5023474178403662,,,,,,7.0
2025-10-16,BUY,096770,SK이노베이션,90,108100.0,,7.0,0.0,"GC,RSI탈출,MACD,BB회귀,W패턴,200일선,STO_GC",삼성바이오로직스,7.0,
2025-10-17,SELL,096770,SK이노베이션,90,114500.0,5.920444033302497,,,,,,7.0
2025-10-17,BUY,000270,기아,97,106140.51282337199,,6.0,0.0,"GC,RSI탈출,MACD,BB회귀,W패턴,STO_GC",SK이노베이션,6.0,
2025-10-20,SELL,000270,기아,97,112079.78118176856,5.595665783413062,,,,,,6.0
2025-10-20,BUY,000270,기아,97,112079.78118176856,,6.0,0.0,"GC,RSI탈출,MACD,BB회귀,W패턴,STO_GC",SK이노베이션,6.0,
2025-10-21,SELL,000270,기아,97,110355.47409326425,-1.5384640033405006,,,,,,6.0
2025-10-21,BUY,138040,메리츠금융지주,90,117700.0,,7.0,0.0,"RSI탈출,MACD,BB회귀,W패턴,200일선,STO_GC,피보나치",SK이노베이션,7.0,
2025-10-22,SELL,138040,메리츠금융지주,90,115400.0,-1.954120645709434,,,,,,7.0
2025-10-22,BUY,000270,기아,92,113420.90749364944,,6.0,1.0,"GC,RSI탈출,MACD,BB회귀,W패턴,STO_GC",SK이노베이션,6.0,
2025-10-23,SELL,000270,기아,92,111409.21366168479,-1.7736534439889762,,,,,,6.0
2025-10-23,BUY,138040,메리츠금융지주,88,115800.0,,8.0,0.0,"GC,RSI탈출,MACD,BB회귀,W패턴,200일선,STO_GC,피보나치",HMM,7.0,
2025-10-24,SELL,138040,메리츠금융지주,88,114600.0,-1.0362694300518172,,,,,,8.0
2025-10-24,BUY,003550,LG,127,79284.04512157108,,6.0,0.0,"GC,RSI탈출,MACD,BB회귀,W패턴,STO_GC",POSCO홀딩스,5.0,
2025-10-27,SELL,003550,LG,127,78795.84022450361,-0.615766887674396,,,,,,6.0
2025-10-27,BUY,068270,셀트리온,61,164265.07248940237,,6.0,2.0,"GC,지지반등,MACD,BB회귀,200일선,STO_GC",하나금융지주,5.0,
2025-10-28,SELL,068270,셀트리온,61,172800.80468575718,5.196315970886323,,,,,,6.0
2025-10-28,BUY,138040,메리츠금융지주,92,114100.0,,7.0,0.0,"GC,RSI탈출,MACD,BB회귀,200일선,STO_GC,피보나치",HMM,7.0,
2025-10-29,SELL,138040,메리츠금융지주,92,113900.0,-0.17528483786152238,,,,,,7.0
2025-10-29,BUY,035720,카카오,164,63710.722996676515,,6.0,1.0,"GC,RSI탈출,MACD,BB회귀,W패턴,STO_GC",셀트리온,5.0,
2025-10-30,SELL,035720,카카오,164,67904.84768700787,6.583075019491069,,,,,,6.0
2025-10-30,BUY,035720,카카오,164,67904.84768700787,,6.0,1.0,"GC,RSI탈출,MACD,BB회귀,W패턴,STO_GC",SK텔레콤,6.0,
2025-10-31,SELL,035720,카카오,164,64609.465965821815,-4.852940303136211,,,,,,6.0
2025-10-31,BUY,011200,HMM,529,19985.075824969586,,6.0,0.0,"GC,MACD,BB회귀,W패턴,200일선,피보나치",현대모비스,4.0,
2025-11-03,SELL,011200,HMM,529,19839.55329861111,-0.7281559881632149,,,,,,6.0
2025-11-03,BUY,035720,카카오,157,66506.80759447675,,6.0,2.0,"GC,RSI탈출,MACD,BB회귀,W패턴,STO_GC",NAVER,5.0,
2025-11-04,SELL,035720,카카오,157,64609.4683423384,-2.8528496867678887,,,,,,6.0
2025-11-04,BUY,035420,NAVER,37,269667.29488529963,,6.0,1.0,"GC,RSI탈출,MACD,BB회귀,W패턴,STO_GC",삼성전자,4.0,
2025-11-05,SELL,035420,NAVER,37,266203.6918761221,-1.2843986181753198,,,,,,6.0
2025-11-05,BUY,017670,SK텔레콤,192,51966.81211456357,,6.0,2.0,"지지반등,MACD,BB회귀,200일선,STO_GC,피보나치",메리츠금융지주,6.0,
2025-11-06,SELL,017670,SK텔레콤,192,52462.678913551405,0.9541989951099339,,,,,,6.0
2025-11-06,BUY,035420,NAVER,36,278573.7395241477,,6.0,1.0,"GC,RSI탈출,MACD,BB회귀,W패턴,STO_GC",메리츠금융지주,6.0,
2025-11-07,SELL,035420,NAVER,36,253338.8153846154,-9.058615568947005,,,,,,6.0
2025-11-07,BUY,017670,SK텔레콤,173,52760.20025749064,,6.0,1.0,"지지반등,RSI탈출,BB회귀,200일선,STO_GC,피보나치",하나금융지주,6.0,
2025-11-10,SELL,017670,SK텔레콤,173,53355.24075255102,1.127820766707388,,,,,,6.0
2025-11-10,BUY,035720,카카오,145,63311.28499949839,,4.0,1.0,"GC,MACD,BB회귀,W패턴",하나금융지주,4.0,
2025-11-11,SELL,035720,카카오,145,62412.54357205538,-1.419559605290166,,,,,,4.0
2025-11-11,BUY,017670,SK텔레콤,169,53553.58697532288,,7.0,0.0,"RSI탈출,MACD,BB회귀,W패턴,200일선,STO_GC,피보나치",메리츠금융지주,7.0,
2025-11-12,SELL,017670,SK텔레콤,169,53851.104421788354,0.5555509224854704,,,,,,7.0
2025-11-12,BUY,017670,SK텔레콤,169,53851.104421788354,,6.0,0.0,"RSI탈출,MACD,BB회귀,W패턴,200일선,STO_GC",하나금융지주,4.0,
2025-11-13,SELL,017670,SK텔레콤,169,53553.58450785583,-0.5524861878452914,,,,,,6.0
2025-11-13,BUY,033780,KT&G,66,136026.4861851457,,6.0,0.0,"GC,RSI탈출,MACD,BB회귀,W패턴,STO_GC",메리츠금융지주,6.0,
2025-11-14,SELL,033780,KT&G,66,137682.97806806237,1.2177715747667017,,,,,,6.0
2025-11-14,BUY,138040,메리츠금융지주,74,122200.0,,6.0,1.0,"GC,MACD,BB회귀,W패턴,200일선,STO_GC",삼성생명,5.0,
2025-11-17,SELL,138040,메리츠금융지주,74,119100.0,-2.53682487725041,,,,,,6.0
2025-11-17,BUY,033780,KT&G,64,137877.84334315622,,6.0,0.0,"GC,RSI탈출,MACD,BB회귀,W패턴,STO_GC",메리츠금융지주,6.0,
2025-11-18,SELL,033780,KT&G,64,138170.17500885896,0.21202222098526402,,,,,,6.0
2025-11-18,BUY,000270,기아,79,111409.21838837335,,4.0,2.0,"GC,BB회귀,W패턴,STO_GC",POSCO홀딩스,4.0,
2025-11-19,SELL,000270,기아,79,110834.45027974891,-0.5159071367153767,,,,,,4.0
2025-11-19,BUY,068270,셀트리온,50,176215.0816716466,,4.0,4.0,"GC,MACD,W패턴,STO_GC",기아,3.0,
2025-11-20,SELL,068270,셀트리온,50,177448.01270210845,0.6996739545592767,,,,,,4.0
2025-11-20,BUY,017670,SK텔레콤,166,53256.066801264045,,7.0,2.0,"GC,지지반등,MACD,BB회귀,W패턴,200일선,피보나치",셀트리온,5.0,
2025-11-21,SELL,017670,SK텔레콤,166,52859.37356624532,-0.7448789571694592,,,,,,7.0
2025-11-21,BUY,068270,셀트리온,50,173654.360477046,,5.0,2.0,"GC,MACD,BB회귀,W패턴,STO_GC",HMM,4.0,
2025-11-24,SELL,068270,셀트리온,50,179534.52209648298,3.386129552568451,,,,,,5.0
2025-11-24,BUY,068270,셀트리온,50,179534.52209648298,,4.0,1.0,"GC,MACD,BB회귀,STO_GC",KT&G,4.0,
2025-11-25,SELL,068270,셀트리온,50,174128.57248055775,-3.0110919909988376,,,,,,4.0
2025-11-25,BUY,017670,SK텔레콤,163,53454.411974299066,,5.0,2.0,"GC,BB회귀,W패턴,200일선,피보나치",삼성전자,4.0,
2025-11-26,SELL,017670,SK텔레콤,163,53454.411203211646,-1.442514085958635e-06,,,,,,5.0
2025-11-26,BUY,005930,삼성전자,87,99807.23708809582,,4.0,1.0,"GC,RSI탈출,BB회귀,STO_GC",셀트리온,4.0,
2025-11-27,SELL,005930,삼성전자,87,103382.41877264493,3.5820866190228617,,,,,,4.0
2025-11-27,BUY,009150,삼성전기,36,250208.96476715687,,6.0,1.0,"GC,RSI탈출,MACD,BB회귀,거래량돌파,STO_GC",삼성물산,6.0,
2025-11-28,SELL,009150,삼성전기,36,250704.43133715139,0.1980211102570184,,,,,,6.0
2025-11-28,BUY,012330,현대모비스,29,300959.29589054926,,5.0,0.0,"GC,MACD,BB회귀,W패턴,STO_GC",삼성전자,4.0,
2025-12-01,SELL,012330,현대모비스,29,303924.4259678748,0.9852262807007239,,,,,,5.0
2025-12-01,BUY,012330,현대모비스,29,303924.4259678748,,5.0,0.0,"GC,MACD,BB회귀,W패턴,STO_GC",HMM,5.0,
2025-12-02,SELL,012330,현대모비스,29,303430.2170741325,-0.1626091394821061,,,,,,5.0
2025-12-02,BUY,316140,우리금융지주,336,26882.82567349138,,6.0,2.0,"GC,MACD,BB회귀,거래량돌파,W패턴,STO_GC",HMM,5.0,
2025-12-03,SELL,316140,우리금융지주,336,27759.44140625,3.2608764547509272,,,,,,6.0
2025-12-03,BUY,316140,우리금융지주,336,27759.44140625,,6.0,2.0,"GC,MACD,BB회귀,거래량돌파,W패턴,STO_GC",HMM,5.0,
2025-12-04,SELL,316140,우리금융지주,336,27710.738630392698,-0.17544580650796782,,,,,,6.0
2025-12-04,BUY,032830,삼성생명,61,150331.57517914014,,5.0,0.0,"GC,MACD,BB회귀,W패턴,STO_GC",카카오,5.0,
2025-12-05,SELL,032830,삼성생명,61,150621.78840075852,0.1930487465940267,,,,,,5.0
2025-12-05,BUY,005380,현대차,33,279736.78214285715,,6.0,0.0,"GC,RSI탈출,MACD,BB회귀,W패턴,STO_GC",삼성생명,6.0,
2025-12-08,SELL,005380,현대차,33,318423.7651545166,13.829780522713907,,,,,,6.0
2025-12-08,BUY,005380,현대차,33,318423.7651545166,,7.0,0.0,"GC,RSI탈출,MACD,BB회귀,거래량돌파,W패턴,STO_GC",메리츠금융지주,7.0,
2025-12-09,SELL,005380,현대차,33,305528.0993485342,-4.049844018308358,,,,,,7.0
2025-12-09,BUY,006400,삼성SDI,32,310500.0,,5.0,0.0,"GC,RSI탈출,BB회귀,W패턴,STO_GC",카카오,5.0,
2025-12-10,SELL,006400,삼성SDI,32,326000.0,4.99194847020934,,,,,,5.0
2025-12-10,BUY,011200,HMM,528,19985.074984491315,,6.0,1.0,"GC,MACD,BB회귀,W패턴,200일선,STO_GC",삼성생명,5.0,
2025-12-11,SELL,011200,HMM,528,19645.522532743566,-1.699030161314119,,,,,,6.0
2025-12-11,BUY,000660,SK하이닉스,17,581828.905199115,,5.0,0.0,"GC,RSI탈출,BB회귀,W패턴,STO_GC",삼성바이오로직스,4.0,
2025-12-12,SELL,000660,SK하이닉스,17,563865.0525394045,-3.087480271122478,,,,,,5.0
2025-12-12,BUY,373220,LG에너지솔루션,22,445000.0,,6.0,1.0,"GC,RSI탈출,MACD,BB회귀,W패턴,STO_GC",셀트리온,5.0,
2025-12-15,SELL,373220,LG에너지솔루션,22,439000.0,-1.348314606741574,,,,,,6.0
2025-12-15,BUY,138040,메리츠금융지주,89,110300.0,,8.0,2.0,"GC,지지반등,RSI탈출,MACD,BB회귀,W패턴,200일선,STO_GC",SK이노베이션,7.0,
2025-12-16,SELL,138040,메리츠금융지주,89,110000.0,-0.27198549410698547,,,,,,8.0
2025-12-16,BUY,068270,셀트리온,55,178586.11398273305,,5.0,1.0,"GC,RSI탈출,BB회귀,W패턴,STO_GC",삼성바이오로직스,4.0,
2025-12-17,SELL,068270,셀트리온,55,177163.49774035765,-0.7965995847319607,,,,,,5.0
2025-12-17,BUY,207940,삼성바이오로직스,5,1790000.0,,6.0,0.0,"GC,RSI탈출,MACD,BB회귀,W패턴,STO_GC",KT&G,5.0,
2025-12-18,SELL,207940,삼성바이오로직스,5,1750000.0,-2.2346368715083775,,,,,,6.0
2025-12-18,BUY,000660,SK하이닉스,17,536919.3095561594,,5.0,1.0,"GC,RSI탈출,BB회귀,W패턴,STO_GC",SK이노베이션,5.0,
2025-12-19,SELL,000660,SK하이닉스,17,567856.9939442413,5.76207333903791,,,,,,5.0
2025-12-19,BUY,000660,SK하이닉스,17,567856.9939442413,,5.0,1.0,"GC,RSI탈출,BB회귀,W패턴,STO_GC",카카오,4.0,
2025-12-22,SELL,000660,SK하이닉스,17,572846.9898706897,0.8787416514479673,,,,,,5.0
2025-12-22,BUY,017670,SK텔레콤,193,52165.15937793703,,6.0,4.0,"지지반등,BB회귀,W패턴,200일선,STO_GC,피보나치",NAVER,5.0,
2025-12-23,SELL,017670,SK텔레콤,193,52561.85363998127,0.7604582575319929,,,,,,6.0
2025-12-23,BUY,035420,NAVER,43,235525.93288502112,,5.0,1.0,"RSI탈출,BB회귀,200일선,STO_GC,피보나치",삼성생명,5.0,
2025-12-24,SELL,035420,NAVER,43,234536.33364164905,-0.42016572495868765,,,,,,5.0
2025-12-24,BUY,017670,SK텔레콤,190,52859.37356624532,,6.0,3.0,"지지반등,BB회귀,W패턴,200일선,STO_GC,피보나치",SK하이닉스,5.0,
2025-12-26,SELL,017670,SK텔레콤,190,52859.37396274717,7.501069987370101e-07,,,,,,6.0
2025-12-26,BUY,000660,SK하이닉스,16,592806.8558013355,,5.0,2.0,"GC,MACD,BB회귀,W패턴,STO_GC",KB금융,4.0,
2025-12-29,SELL,000660,SK하이닉스,16,628734.5244140625,6.060602751322985,,,,,,5.0
2025-12-29,BUY,000660,SK하이닉스,16,628734.5244140625,,5.0,1.0,"GC,MACD,BB회귀,W패턴,STO_GC",삼성바이오로직스,5.0,
2025-12-30,SELL,000660,SK하이닉스,16,637716.4173387097,1.4285668395604079,,,,,,5.0
2025-12-30,BUY,017670,SK텔레콤,203,52760.1988317757,,7.0,3.0,"지지반등,RSI탈출,BB회귀,W패턴,200일선,STO_GC,피보나치",메리츠금융지주,6.0,
2026-01-02,SELL,017670,SK텔레콤,203,53057.7177019817,0.5639077880555954,,,,,,7.0
2026-01-02,BUY,035420,NAVER,44,240968.75835020244,,6.0,0.0,"RSI탈출,MACD,BB회귀,W패턴,STO_GC,피보나치",SK텔레콤,6.0,
2026-01-05,SELL,035420,NAVER,44,245916.78585295592,2.053389633008962,,,,,,6.0
2026-01-05,BUY,035720,카카오,175,62412.544785031845,,7.0,0.0,"GC,RSI탈출,MACD,BB회귀,W패턴,STO_GC,피보나치",NAVER,6.0,
2026-01-06,SELL,035720,카카오,175,62412.54561373433,1.3277819066459529e-06,,,,,,7.0
2026-01-06,BUY,035420,NAVER,44,246906.38452524037,,7.0,0.0,"GC,RSI탈출,MACD,BB회귀,W패턴,STO_GC,피보나치",카카오,6.0,
2026-01-07,SELL,035420,NAVER,44,255318.02933168318,3.4068154303166454,,,,,,7.0
2026-01-07,BUY,034730,SK,40,279291.22007978725,,7.0,0.0,"GC,RSI탈출,MACD,BB회귀,거래량돌파,W패턴,STO_GC",NAVER,6.0,
2026-01-08,SELL,034730,SK,40,273411.4216234347,-2.105257177319364,,,,,,7.0
2026-01-08,BUY,000270,기아,87,125491.03833066454,,6.0,1.0,"GC,MACD,BB회귀,거래량돌파,W패턴,STO_GC",현대차,6.0,
2026-01-09,SELL,000270,기아,87,121084.4772897898,-3.511454761624977,,,,,,6.0
2026-01-09,BUY,068270,셀트리온,52,201904.765625,,5.0,1.0,"GC,MACD,BB회귀,W패턴,STO_GC",삼성전기,5.0,
2026-01-12,SELL,068270,셀트리온,52,209523.8125,3.7735844676152652,,,,,,5.0
2026-01-12,BUY,005380,현대차,28,379926.18366825616,,7.0,2.0,"GC,RSI탈출,MACD,BB회귀,거래량돌파,W패턴,STO_GC",NAVER,6.0,
2026-01-13,SELL,005380,현대차,28,377446.2473445197,-0.6527416193830682,,,,,,7.0
2026-01-13,BUY,096770,SK이노베이션,105,103100.0,,6.0,0.0,"지지반등,RSI탈출,MACD,BB회귀,200일선,STO_GC",현대차,6.0,
2026-01-14,SELL,096770,SK이노베이션,105,106100.0,2.9097963142580063,,,,,,6.0
2026-01-14,BUY,005490,POSCO홀딩스,31,348766.3736413044,,6.0,0.0,"GC,MACD,BB회귀,거래량돌파,W패턴,STO_GC",LG에너지솔루션,6.0,
2026-01-15,SELL,005490,POSCO홀딩스,31,348271.67283072544,-0.1418430353287814,,,,,,6.0
2026-01-15,BUY,017670,SK텔레콤,204,54446.14453125,,6.0,0.0,"GC,MACD,BB회귀,W패턴,200일선,피보나치",현대차,5.0,
2026-01-16,SELL,017670,SK텔레콤,204,55140.35977056962,1.2750494002769397,,,,,,6.0
2026-01-16,BUY,373220,LG에너지솔루션,28,394000.0,,7.0,0.0,"GC,RSI탈출,MACD,BB회귀,W패턴,STO_GC,피보나치",삼성SDI,6.0,
2026-01-19,SELL,373220,LG에너지솔루션,28,389500.0,-1.1421319796954266,,,,,,7.0
2026-01-19,BUY,010130,고려아연,6,1631043.0097064395,,5.0,0.0,"GC,RSI탈출,MACD,BB회귀,STO_GC",LG,5.0,
2026-01-20,SELL,010130,고려아연,6,1546352.338062924,-5.192424181307043,,,,,,5.0
2026-01-20,BUY,373220,LG에너지솔루션,26,398000.0,,7.0,0.0,"GC,RSI탈출,MACD,BB회귀,W패턴,STO_GC,피보나치",LG화학,7.0,
2026-01-21,SELL,373220,LG에너지솔루션,26,395500.0,-0.6281407035175879,,,,,,7.0
2026-01-21,BUY,011200,HMM,524,19936.567164179105,,8.0,2.0,"GC,RSI탈출,MACD,BB회귀,W패턴,200일선,STO_GC,피보나치",LG에너지솔루션,7.0,
2026-01-22,SELL,011200,HMM,524,19548.50863461831,-1.9464661411621398,,,,,,8.0
2026-01-22,BUY,316140,우리금융지주,367,27856.841884128007,,5.0,1.0,"GC,MACD,BB회귀,W패턴,STO_GC",고려아연,5.0,
2026-01-23,SELL,316140,우리금융지주,367,28295.14853003384,1.5734254720222385,,,,,,5.0
2026-01-23,BUY,096770,SK이노베이션,90,115000.0,,7.0,1.0,"GC,RSI탈출,MACD,BB회귀,W패턴,STO_GC,피보나치",LG에너지솔루션,6.0,
2026-01-26,SELL,096770,SK이노베이션,90,112200.0,-2.4347826086956514,,,,,,7.0
2026-01-26,BUY,024110,기업은행,503,20065.477627840908,,6.0,0.0,"GC,RSI탈출,MACD,BB회귀,W패턴,STO_GC",KT&G,5.0,
2026-01-27,SELL,024110,기업은행,503,20065.477973090277,1.7206137625791484e-06,,,,,,6.0
2026-01-27,BUY,035720,카카오,164,61314.08426698151,,6.0,1.0,"GC,MACD,BB회귀,W패턴,STO_GC,피보나치",메리츠금융지주,5.0,
2026-01-28,SELL,035720,카카오,164,62412.54392951052,1.7915291007950973,,,,,,6.0
2026-01-28,BUY,138040,메리츠금융지주,93,110000.0,,7.0,0.0,"GC,MACD,BB회귀,W패턴,200일선,STO_GC,피보나치",기업은행,7.0,
2026-01-29,SELL,138040,메리츠금융지주,93,110000.0,0.0,,,,,,7.0
2026-01-29,BUY,138040,메리츠금융지주,92,110000.0,,7.0,0.0,"GC,MACD,BB회귀,W패턴,200일선,STO_GC,피보나치",기업은행,6.0,
2026-01-30,SELL,138040,메리츠금융지주,92,110200.0,0.1818181818181719,,,,,,7.0
2026-01-30,BUY,138040,메리츠금융지주,92,110200.0,,7.0,1.0,"GC,MACD,BB회귀,W패턴,200일선,STO_GC,피보나치",기업은행,6.0,
2026-02-02,SELL,138040,메리츠금융지주,92,115100.0,4.446460980036293,,,,,,7.0
2026-02-02,BUY,138040,메리츠금융지주,92,115100.0,,6.0,1.0,"GC,MACD,BB회귀,W패턴,200일선,피보나치",KT&G,6.0,
2026-02-03,SELL,138040,메리츠금융지주,92,120000.0,4.257167680278018,,,,,,6.0
2026-02-03,BUY,138040,메리츠금융지주,92,120000.0,,5.0,1.0,"GC,MACD,BB회귀,200일선,피보나치",KT&G,5.0,
2026-02-04,SELL,138040,메리츠금융지주,92,119100.0,-0.7499999999999951,,,,,,5.0
2026-02-04,BUY,035420,NAVER,41,263234.8759451796,,5.0,2.0,"GC,MACD,BB회귀,W패턴,STO_GC",카카오,5.0,
2026-02-05,SELL,035420,NAVER,41,259771.24802407587,-1.3157937027406086,,,,,,5.0
2026-02-05,BUY,011200,HMM,544,19791.04618226601,,6.0,2.0,"GC,MACD,BB회귀,W패턴,200일선,STO_GC",기업은행,4.0,
2026-02-06,SELL,011200,HMM,544,19402.985074626868,-1.960791279375973,,,,,,6.0
2026-02-06,BUY,024110,기업은행,485,21737.599885360054,,3.0,1.0,"GC,BB회귀,W패턴",KT&G,3.0,
2026-02-09,SELL,024110,기업은행,485,22215.349879488032,2.197804710030282,,,,,,3.0
2026-02-09,BUY,068270,셀트리온,50,214285.71875,,5.0,2.0,"GC,RSI탈출,BB회귀,W패턴,STO_GC",KT&G,4.0,
2026-02-10,SELL,068270,셀트리온,50,217142.859375,1.33333226388892,,,,,,5.0
2026-02-10,BUY,068270,셀트리온,50,217142.859375,,6.0,2.0,"GC,RSI탈출,MACD,BB회귀,W패턴,STO_GC",HMM,6.0,
2026-02-11,SELL,068270,셀트리온,50,220952.375,1.7543821776893287,,,,,,6.0
2026-02-11,BUY,011200,HMM,526,20955.22468824228,,7.0,2.0,"GC,MACD,BB회귀,W패턴,200일선,STO_GC,피보나치",SK이노베이션,5.0,
2026-02-12,SELL,011200,HMM,526,20567.165105386415,-1.8518512143351096,,,,,,7.0
2026-02-12,BUY,068270,셀트리온,47,227142.859375,,6.0,2.0,"GC,RSI탈출,MACD,BB회귀,W패턴,STO_GC",삼성바이오로직스,5.0,
2026-02-13,SELL,068270,셀트리온,47,230476.1875,1.4675029336919998,,,,,,6.0
2026-02-13,BUY,011200,HMM,533,20518.656400240383,,7.0,2.0,"GC,MACD,BB회귀,W패턴,200일선,STO_GC,피보나치",LG화학,6.0,
2026-02-19,SELL,011200,HMM,533,21973.881207840033,7.092203208698411,,,,,,7.0
2026-02-19,BUY,011200,HMM,531,21973.881207840033,,7.0,2.0,"GC,MACD,BB회귀,W패턴,200일선,STO_GC,피보나치",셀트리온,4.0,
2026-02-20,SELL,011200,HMM,531,22555.97000286852,2.6490031029238637,,,,,,7.0
2026-02-20,BUY,000270,기아,73,162946.7560117142,,6.0,2.0,"GC,RSI탈출,MACD,BB회귀,W패턴,STO_GC",LG화학,5.0,
2026-02-23,SELL,000270,기아,73,167544.9049562102,2.8218720378609063,,,,,,6.0
2026-02-23,BUY,051910,LG화학,36,336833.8728383459,,6.0,0.0,"GC,MACD,BB회귀,W패턴,STO_GC,피보나치",삼성바이오로직스,6.0,
2026-02-24,SELL,051910,LG화학,36,332859.4169044223,-1.179945443263375,,,,,,6.0
2026-02-24,BUY,000270,기아,73,164000.49885057472,,6.0,2.0,"GC,RSI탈출,MACD,BB회귀,W패턴,STO_GC",현대차,4.0,
2026-02-25,SELL,000270,기아,73,168311.25949770524,2.628504594402581,,,,,,6.0
2026-02-25,BUY,207940,삼성바이오로직스,7,1723000.0,,7.0,1.0,"RSI탈출,MACD,BB회귀,W패턴,200일선,STO_GC,피보나치",LG화학,6.0,
2026-02-26,SELL,207940,삼성바이오로직스,7,1728000.0,0.29019152640743506,,,,,,7.0
2026-02-26,BUY,373220,LG에너지솔루션,28,431500.0,,6.0,1.0,"GC,MACD,BB회귀,W패턴,STO_GC,피보나치",삼성바이오로직스,6.0,
2026-02-27,SELL,373220,LG에너지솔루션,28,420000.0,-2.665121668597914,,,,,,6.0
2026-02-27,BUY,207940,삼성바이오로직스,6,1760000.0,,6.0,0.0,"GC,RSI탈출,MACD,BB회귀,W패턴,피보나치",LG에너지솔루션,6.0,
2026-03-03,SELL,207940,삼성바이오로직스,6,1775000.0,0.8522727272727293,,,,,,6.0
2026-03-03,BUY,035720,카카오,199,60814.78266792705,,7.0,0.0,"GC,RSI탈출,MACD,BB회귀,W패턴,STO_GC,피보나치",삼성바이오로직스,6.0,
2026-03-04,SELL,035720,카카오,199,53125.55851487779,-12.643676119070403,,,,,,7.0
2026-03-04,BUY,010130,고려아연,5,1843267.8193933822,,4.0,2.0,"GC,MACD,W패턴,STO_GC",기아,3.0,
2026-03-05,SELL,010130,고려아연,5,1783486.1910176238,-3.243241581434031,,,,,,4.0
2026-03-05,BUY,010130,고려아연,5,1783486.1910176238,,3.0,4.0,"GC,MACD,STO_GC",LG에너지솔루션,3.0,
2026-03-06,SELL,010130,고려아연,5,1731675.4457762558,-2.905026430947899,,,,,,3.0
2026-03-06,BUY,207940,삼성바이오로직스,6,1614000.0,,6.0,4.0,"GC,RSI탈출,MACD,BB회귀,200일선,STO_GC",고려아연,5.0,
2026-03-09,SELL,207940,삼성바이오로직스,6,1558000.0,-3.4696406443618377,,,,,,6.0
2026-03-09,BUY,035720,카카오,191,50100.0,,5.0,4.0,"GC,RSI탈출,MACD,BB회귀,STO_GC",LG화학,4.0,
2026-03-10,SELL,035720,카카오,191,51800.0,3.3932135728542923,,,,,,5.0
2026-03-10,BUY,207940,삼성바이오로직스,6,1638000.0,,3.0,5.0,"GC,MACD,STO_GC",카카오,3.0,
2026-03-11,SELL,207940,삼성바이오로직스,6,1630000.0,-0.48840048840048667,,,,,,3.0
2026-03-11,BUY,207940,삼성바이오로직스,6,1630000.0,,6.0,4.0,"GC,RSI탈출,MACD,BB회귀,200일선,STO_GC",카카오,5.0,
2026-03-12,SELL,207940,삼성바이오로직스,6,1650000.0,1.2269938650306678,,,,,,6.0
2026-03-12,BUY,207940,삼성바이오로직스,6,1650000.0,,7.0,4.0,"GC,RSI탈출,BB회귀,W패턴,200일선,STO_GC,피보나치",고려아연,4.0,
2026-03-13,SELL,207940,삼성바이오로직스,6,1589000.0,-3.6969696969696986,,,,,,7.0
2026-03-13,BUY,373220,LG에너지솔루션,25,370000.0,,4.0,3.0,"BB회귀,W패턴,200일선,STO_GC",SK이노베이션,4.0,
2026-03-16,SELL,373220,LG에너지솔루션,25,368500.0,-0.40540540540540126,,,,,,4.0
2026-03-16,BUY,035720,카카오,186,50900.0,,4.0,3.0,"GC,RSI탈출,BB회귀,STO_GC",한국전력,3.0,
2026-03-17,SELL,035720,카카오,186,51100.0,0.39292730844793233,,,,,,4.0
2026-03-17,BUY,000660,SK하이닉스,9,1008831.2915592784,,3.0,2.0,"GC,W패턴,STO_GC",KB금융,2.0,
2026-03-18,SELL,000660,SK하이닉스,9,999832.8598484847,-0.8919659596289264,,,,,,3.0
2026-03-18,BUY,373220,LG에너지솔루션,24,390500.0,,4.0,2.0,"BB회귀,W패턴,200일선,STO_GC",SK이노베이션,4.0,
2026-03-19,SELL,373220,LG에너지솔루션,24,374500.0,-4.097311139564663,,,,,,4.0
2026-03-19,BUY,096770,SK이노베이션,80,111800.0,,6.0,2.0,"GC,RSI탈출,BB회귀,200일선,STO_GC,피보나치",메리츠금융지주,4.0,
2026-03-20,SELL,096770,SK이노베이션,80,111900.0,0.08944543828264262,,,,,,6.0
2026-03-20,BUY,055550,신한지주,94,95189.62736210419,,3.0,0.0,"RSI탈출,BB회귀,W패턴",SK하이닉스,3.0,
2026-03-23,SELL,055550,신한지주,94,93303.69977057843,-1.981232245349207,,,,,,3.0
2026-03-23,BUY,096770,SK이노베이션,79,111100.0,,6.0,1.0,"GC,RSI탈출,BB회귀,200일선,STO_GC,피보나치",기업은행,5.0,
2026-03-24,SELL,096770,SK이노베이션,79,108900.0,-1.980198019801982,,,,,,6.0
2026-03-24,BUY,032830,삼성생명,37,228000.0,,3.0,2.0,"GC,MACD,STO_GC",SK하이닉스,3.0,
2026-03-25,SELL,032830,삼성생명,37,233000.0,2.1929824561403466,,,,,,3.0
2026-03-25,BUY,373220,LG에너지솔루션,22,392000.0,,5.0,0.0,"MACD,BB회귀,W패턴,200일선,STO_GC",NAVER,5.0,
2026-03-26,SELL,373220,LG에너지솔루션,22,392500.0,0.12755102040815647,,,,,,5.0
2026-03-26,BUY,373220,LG에너지솔루션,22,392500.0,,5.0,0.0,"MACD,BB회귀,W패턴,200일선,STO_GC",POSCO홀딩스,5.0,
2026-03-27,SELL,373220,LG에너지솔루션,22,374000.0,-4.713375796178343,,,,,,5.0
2026-03-27,BUY,005490,POSCO홀딩스,24,334000.5660127737,,5.0,0.0,"RSI탈출,BB회귀,W패턴,STO_GC,피보나치",메리츠금융지주,4.0,
2026-03-30,SELL,005490,POSCO홀딩스,24,328525.132106414,-1.6393486908493182,,,,,,5.0
2026-03-30,BUY,373220,LG에너지솔루션,21,379500.0,,6.0,1.0,"GC,MACD,BB회귀,W패턴,200일선,STO_GC",메리츠금융지주,5.0,
2026-03-31,SELL,373220,LG에너지솔루션,21,406000.0,6.982872200263501,,,,,,6.0
2026-03-31,BUY,051910,LG화학,27,319000.0,,7.0,0.0,"GC,RSI탈출,MACD,BB회귀,W패턴,200일선,STO_GC",POSCO홀딩스,6.0,
2026-04-01,SELL,051910,LG화학,27,314500.0,-1.4106583072100332,,,,,,7.0
2026-04-01,BUY,033780,KT&G,53,160300.0,,5.0,0.0,"GC,RSI탈출,MACD,BB회귀,W패턴",LG에너지솔루션,4.0,
2026-04-02,SELL,033780,KT&G,53,159000.0,-0.8109794135994997,,,,,,5.0
2026-04-02,BUY,005490,POSCO홀딩스,24,348435.74505131965,,7.0,2.0,"GC,RSI탈출,MACD,BB회귀,W패턴,STO_GC,피보나치",LG에너지솔루션,6.0,
2026-04-03,SELL,005490,POSCO홀딩스,24,347937.99901079136,-0.14285160107639916,,,,,,7.0
2026-04-03,BUY,096770,SK이노베이션,71,118200.0,,5.0,0.0,"MACD,W패턴,200일선,STO_GC,피보나치",삼성SDI,4.0,
2026-04-06,SELL,096770,SK이노베이션,71,117900.0,-0.25380710659898,,,,,,5.0
2026-04-06,BUY,051910,LG화학,27,303500.0,,6.0,1.0,"GC,RSI탈출,MACD,BB회귀,200일선,STO_GC",메리츠금융지주,6.0,
2026-04-07,SELL,051910,LG화학,27,316500.0,4.283360790774293,,,,,,6.0
2026-04-07,BUY,373220,LG에너지솔루션,21,408000.0,,6.0,1.0,"GC,MACD,BB회귀,W패턴,STO_GC,피보나치",LG,5.0,
2026-04-08,SELL,373220,LG에너지솔루션,21,419500.0,2.818627450980382,,,,,,6.0
2026-04-08,BUY,051910,LG화학,26,342000.0,,6.0,1.0,"GC,MACD,BB회귀,W패턴,200일선,피보나치",HMM,4.0,
2026-04-09,SELL,051910,LG화학,26,353500.0,3.3625730994152114,,,,,,6.0
2026-04-09,BUY,011200,HMM,446,20700.0,,7.0,0.0,"RSI탈출,MACD,BB회귀,W패턴,200일선,STO_GC,피보나치",한국전력,6.0,
2026-04-10,SELL,011200,HMM,446,20750.0,0.24154589371980784,,,,,,7.0
2026-04-10,BUY,011200,HMM,445,20750.0,,8.0,0.0,"GC,RSI탈출,MACD,BB회귀,W패턴,200일선,STO_GC,피보나치",신한지주,4.0,
2026-04-13,SELL,011200,HMM,445,21500.0,3.6144578313253017,,,,,,8.0
2026-04-13,BUY,011200,HMM,444,21500.0,,8.0,0.0,"GC,RSI탈출,MACD,BB회귀,W패턴,200일선,STO_GC,피보나치",SK,6.0,
2026-04-14,SELL,011200,HMM,444,21250.0,-1.1627906976744207,,,,,,8.0
2026-04-14,BUY,010130,고려아연,5,1696802.8718162524,,6.0,0.0,"GC,RSI탈출,MACD,BB회귀,W패턴,STO_GC",SK하이닉스,4.0,
2026-04-15,SELL,010130,고려아연,5,1688831.8847891567,-0.46976505989546613,,,,,,6.0
2026-04-15,BUY,024110,기업은행,413,22650.0,,6.0,0.0,"GC,MACD,BB회귀,W패턴,STO_GC,피보나치",한국전력,6.0,
2026-04-16,SELL,024110,기업은행,413,22600.0,-0.22075055187638082,,,,,,6.0
2026-04-16,BUY,024110,기업은행,412,22600.0,,6.0,0.0,"GC,MACD,BB회귀,W패턴,STO_GC,피보나치",HMM,6.0,
2026-04-17,SELL,024110,기업은행,412,22800.0,0.8849557522123908,,,,,,6.0
2026-04-17,BUY,015760,한국전력,202,46350.0,,7.0,0.0,"GC,RSI탈출,MACD,BB회귀,W패턴,200일선,STO_GC",NAVER,6.0,
2026-04-20,SELL,015760,한국전력,202,45900.0,-0.9708737864077666,,,,,,7.0
2026-04-20,BUY,015760,한국전력,201,45900.0,,7.0,0.0,"GC,RSI탈출,MACD,BB회귀,W패턴,200일선,STO_GC",기아,5.0,
2026-04-21,SELL,015760,한국전력,201,46250.0,0.7625272331154731,,,,,,7.0
2026-04-21,BUY,015760,한국전력,201,46250.0,,7.0,1.0,"GC,RSI탈출,MACD,BB회귀,W패턴,200일선,STO_GC",기업은행,6.0,
2026-04-22,SELL,015760,한국전력,201,45400.0,-1.8378378378378413,,,,,,7.0
2026-04-22,BUY,035420,NAVER,42,215000.0,,6.0,1.0,"GC,RSI탈출,MACD,BB회귀,W패턴,STO_GC",기아,5.0,
2026-04-23,SELL,035420,NAVER,42,220500.0,2.55813953488373,,,,,,6.0
2026-04-23,BUY,068270,셀트리온,47,197619.046875,,5.0,1.0,"GC,BB회귀,W패턴,STO_GC,피보나치",기아,4.0,
2026-04-24,SELL,068270,셀트리온,47,196666.671875,-0.4819247006096594,,,,,,5.0
2026-04-24,BUY,068270,셀트리온,47,196666.671875,,5.0,1.0,"GC,BB회귀,W패턴,STO_GC,피보나치",메리츠금융지주,4.0,
2026-04-27,SELL,068270,셀트리온,47,199523.8125,1.4527833301699378,,,,,,5.0
2026-04-27,BUY,068270,셀트리온,47,199523.8125,,5.0,1.0,"GC,BB회귀,W패턴,STO_GC,피보나치",기업은행,3.0,
2026-04-28,SELL,068270,셀트리온,47,193333.328125,-3.102629354077724,,,,,,5.0
2026-04-28,BUY,035420,NAVER,42,215500.0,,3.0,2.0,"GC,BB회귀,STO_GC",기아,3.0,
2026-04-29,SELL,035420,NAVER,42,223000.0,3.480278422273786,,,,,,3.0
2026-04-29,BUY,068270,셀트리온,47,196666.671875,,4.0,1.0,"GC,BB회귀,W패턴,피보나치",기아,4.0,
2026-04-30,SELL,068270,셀트리온,47,193809.53125,-1.4527833301699378,,,,,,4.0
2026-04-30,BUY,000270,기아,59,155400.0,,4.0,2.0,"GC,MACD,BB회귀,피보나치",기업은행,3.0,
2026-05-04,SELL,000270,기아,59,156300.0,0.5791505791505891,,,,,,4.0
2026-05-04,BUY,024110,기업은행,404,22850.0,,3.0,1.0,"BB회귀,W패턴,피보나치",하나금융지주,2.0,
2026-05-06,SELL,024110,기업은행,404,22100.0,-3.2822757111597323,,,,,,3.0
2026-05-06,BUY,011200,HMM,427,20850.0,,6.0,2.0,"RSI탈출,BB회귀,W패턴,200일선,STO_GC,피보나치",삼성바이오로직스,4.0,
2026-05-07,SELL,011200,HMM,427,20700.0,-0.7194244604316502,,,,,,6.0
2026-05-07,BUY,010130,고려아연,5,1738649.905849359,,5.0,3.0,"GC,MACD,BB회귀,W패턴,STO_GC",기아,3.0,
2026-05-08,SELL,010130,고려아연,5,1579232.2622674792,-9.16904795183603,,,,,,5.0
2026-05-08,BUY,011200,HMM,386,20750.0,,6.0,2.0,"RSI탈출,BB회귀,W패턴,200일선,STO_GC,피보나치",기아,5.0,
2026-05-11,SELL,011200,HMM,386,20400.0,-1.6867469879518038,,,,,,6.0
2026-05-11,BUY,000270,기아,46,170400.0,,4.0,3.0,"GC,MACD,BB회귀,W패턴",KB금융,3.0,
2026-05-12,SELL,000270,기아,46,175700.0,3.1103286384976503,,,,,,4.0
2026-05-12,BUY,000270,기아,46,175700.0,,4.0,2.0,"GC,MACD,BB회귀,W패턴",SK텔레콤,3.0,
2026-05-13,SELL,000270,기아,46,166500.0,-5.2361980648833235,,,,,,4.0
2026-05-13,BUY,068270,셀트리온,40,187619.046875,,4.0,4.0,"지지반등,BB회귀,200일선,STO_GC",SK텔레콤,3.0,
2026-05-14,SELL,068270,셀트리온,40,181333.328125,-3.350256199834456,,,,,,4.0
2026-05-14,BUY,017670,SK텔레콤,70,104032.79708799903,,5.0,2.0,"GC,MACD,BB회귀,W패턴,STO_GC",기아,4.0,
2026-05-15,SELL,017670,SK텔레콤,70,102148.50876110562,-1.8112445109973674,,,,,,5.0
2026-05-15,BUY,068270,셀트리온,38,186190.46875,,5.0,3.0,"지지반등,RSI탈출,BB회귀,200일선,STO_GC",고려아연,5.0,
2026-05-18,SELL,068270,셀트리온,38,179142.859375,-3.7851611966576604,,,,,,5.0
2026-05-18,BUY,017670,SK텔레콤,68,101355.1180659204,,4.0,5.0,"GC,MACD,W패턴,STO_GC",고려아연,3.0,
2026-05-19,SELL,017670,SK텔레콤,68,98181.57329516376,-3.1311144728701223,,,,,,4.0
2026-05-19,BUY,011200,HMM,334,20050.0,,5.0,1.0,"지지반등,BB회귀,W패턴,200일선,STO_GC",SK텔레콤,4.0,
2026-05-20,SELL,011200,HMM,334,19940.0,-0.5486284289276777,,,,,,5.0
2026-05-20,BUY,017670,SK텔레콤,67,98776.61525229357,,4.0,4.0,"GC,MACD,W패턴,STO_GC",메리츠금융지주,3.0,
2026-05-21,SELL,017670,SK텔레콤,67,101652.6363387646,2.911641666527176,,,,,,4.0
2026-05-21,BUY,017670,SK텔레콤,67,101652.6363387646,,5.0,3.0,"GC,MACD,BB회귀,W패턴,STO_GC",현대모비스,2.0,
2026-05-22,SELL,017670,SK텔레콤,67,109388.15403088521,7.60975609756096,,,,,,5.0
2026-05-22,BUY,011200,HMM,360,20350.0,,5.0,0.0,"RSI탈출,BB회귀,W패턴,200일선,STO_GC",셀트리온,4.0,
2026-05-26,SELL,011200,HMM,360,20800.0,2.211302211302213,,,,,,5.0
2026-05-26,BUY,011200,HMM,359,20800.0,,6.0,0.0,"RSI탈출,BB회귀,W패턴,200일선,STO_GC,피보나치",셀트리온,5.0,
2026-05-27,SELL,011200,HMM,359,20150.0,-3.125,,,,,,6.0
2026-05-27,BUY,207940,삼성바이오로직스,5,1415000.0,,4.0,0.0,"RSI탈출,MACD,BB회귀,STO_GC",LG에너지솔루션,4.0,
2026-05-28,SELL,207940,삼성바이오로직스,5,1393000.0,-1.5547703180212036,,,,,,4.0
2026-05-28,BUY,034730,SK,10,676000.0,,3.0,2.0,"MACD,BB회귀,W패턴",셀트리온,3.0,
2026-05-29,SELL,034730,SK,10,692000.0,2.3668639053254337,,,,,,3.0
2026-05-29,BUY,006400,삼성SDI,10,680000.0,,4.0,1.0,"RSI탈출,BB회귀,W패턴,STO_GC",LG화학,4.0,
2026-06-01,SELL,006400,삼성SDI,10,679000.0,-0.14705882352941124,,,,,,4.0
2026-06-01,BUY,035420,NAVER,28,251000.0,,8.0,0.0,"GC,RSI탈출,MACD,BB회귀,W패턴,200일선,STO_GC,피보나치",셀트리온,7.0,
2026-06-02,SELL,035420,NAVER,28,285000.0,13.545816733067738,,,,,,8.0
2026-06-02,BUY,035420,NAVER,28,285000.0,,6.0,0.0,"GC,RSI탈출,MACD,BB회귀,W패턴,STO_GC",HMM,6.0,
2026-06-04,SELL,035420,NAVER,28,267500.0,-6.140350877192979,,,,,,6.0
2026-06-04,BUY,035420,NAVER,28,267500.0,,6.0,0.0,"GC,RSI탈출,MACD,BB회귀,W패턴,STO_GC",LG에너지솔루션,4.0,
2026-06-05,SELL,035420,NAVER,28,254500.0,-4.859813084112153,,,,,,6.0
2026-06-05,BUY,011200,HMM,369,19670.0,,6.0,1.0,"지지반등,RSI탈출,MACD,BB회귀,200일선,STO_GC",KB금융,5.0,
2026-06-08,SELL,011200,HMM,369,18500.0,-5.948144382308085,,,,,,6.0
2026-06-08,BUY,024110,기업은행,340,20050.0,,7.0,0.0,"지지반등,RSI탈출,MACD,BB회귀,W패턴,200일선,STO_GC",KB금융,6.0,
2026-06-09,SELL,024110,기업은행,340,20400.0,1.74563591022443,,,,,,7.0
2026-06-09,BUY,035420,NAVER,24,286000.0,,4.0,1.0,"GC,MACD,BB회귀,W패턴",SK텔레콤,3.0,
2026-06-10,SELL,035420,NAVER,24,245000.0,-14.335664335664333,,,,,,4.0
2026-06-10,BUY,024110,기업은행,290,20450.0,,7.0,0.0,"지지반등,RSI탈출,MACD,BB회귀,W패턴,200일선,STO_GC",LG에너지솔루션,7.0,
2026-06-11,SELL,024110,기업은행,290,20750.0,1.4669926650366705,,,,,,7.0
2026-06-11,BUY,024110,기업은행,289,20750.0,,6.0,0.0,"RSI탈출,MACD,BB회귀,W패턴,200일선,STO_GC",한국전력,5.0,
2026-06-12,SELL,024110,기업은행,289,21150.0,1.9277108433734869,,,,,,6.0
2026-06-12,BUY,024110,기업은행,288,21150.0,,7.0,0.0,"GC,RSI탈출,MACD,BB회귀,W패턴,200일선,STO_GC",우리금융지주,5.0,
2026-06-15,SELL,024110,기업은행,288,22200.0,4.964539007092195,,,,,,7.0
2026-06-15,BUY,138040,메리츠금융지주,58,110100.0,,7.0,0.0,"GC,RSI탈출,MACD,BB회귀,W패턴,200일선,STO_GC",기업은행,6.0,
2026-06-16,SELL,138040,메리츠금융지주,58,111100.0,0.9082652134423164,,,,,,7.0
2026-06-16,BUY,011200,HMM,305,21050.0,,7.0,0.0,"RSI탈출,MACD,BB회귀,W패턴,200일선,STO_GC,피보나치",우리금융지주,7.0,
2026-06-17,SELL,011200,HMM,305,21900.0,4.0380047505938155,,,,,,7.0
2026-06-17,BUY,011200,HMM,305,21900.0,,7.0,0.0,"GC,RSI탈출,MACD,BB회귀,거래량돌파,W패턴,STO_GC",메리츠금융지주,6.0,
2026-06-18,SELL,011200,HMM,305,21900.0,0.0,,,,,,7.0
2026-06-18,BUY,068270,셀트리온,38,173200.0,,6.0,1.0,"RSI탈출,MACD,BB회귀,W패턴,200일선,STO_GC",LG에너지솔루션,6.0,
2026-06-19,SELL,068270,셀트리온,38,173000.0,-0.11547344110854896,,,,,,6.0
2026-06-19,BUY,207940,삼성바이오로직스,4,1442000.0,,5.0,1.0,"GC,RSI탈출,MACD,BB회귀,STO_GC",삼성전자,4.0,
2026-06-22,SELL,207940,삼성바이오로직스,4,1374000.0,-4.715672676837723,,,,,,5.0
2026-06-22,BUY,373220,LG에너지솔루션,15,407500.0,,6.0,2.0,"MACD,BB회귀,W패턴,200일선,STO_GC,피보나치",SK,5.0,
2026-06-23,SELL,373220,LG에너지솔루션,15,387500.0,-4.907975460122705,,,,,,6.0
2026-06-23,BUY,015760,한국전력,157,38500.0,,5.0,1.0,"GC,MACD,BB회귀,W패턴,STO_GC",삼성물산,4.0,
2026-06-24,SELL,015760,한국전력,157,36650.0,-4.805194805194802,,,,,,5.0
2026-06-24,BUY,015760,한국전력,156,36650.0,,3.0,2.0,"GC,MACD,STO_GC",KB금융,3.0,
2026-06-25,SELL,015760,한국전력,156,37900.0,3.4106412005457054,,,,,,3.0
2026-06-25,BUY,207940,삼성바이오로직스,4,1383000.0,,5.0,1.0,"GC,RSI탈출,MACD,BB회귀,STO_GC",기아,5.0,
2026-06-26,SELL,207940,삼성바이오로직스,4,1401000.0,1.3015184381778733,,,,,,5.0
2026-06-26,BUY,000270,기아,43,138200.0,,6.0,4.0,"GC,지지반등,MACD,BB회귀,200일선,STO_GC",삼성바이오로직스,5.0,
2026-06-29,SELL,000270,기아,43,135400.0,-2.026049204052094,,,,,,6.0
2026-06-29,BUY,034730,SK,7,815000.0,,3.0,3.0,"GC,MACD,W패턴",삼성바이오로직스,3.0,
2026-06-30,SELL,034730,SK,7,780000.0,-4.294478527607359,,,,,,3.0
2026-06-30,BUY,373220,LG에너지솔루션,14,391500.0,,7.0,1.0,"RSI탈출,MACD,BB회귀,W패턴,200일선,STO_GC,피보나치",셀트리온,5.0,
2026-07-01,SELL,373220,LG에너지솔루션,14,366500.0,-6.385696040868449,,,,,,7.0
2026-07-01,BUY,034730,SK,6,842000.0,,4.0,1.0,"GC,MACD,BB회귀,W패턴",셀트리온,3.0,
2026-07-02,SELL,034730,SK,6,713000.0,-15.320665083135388,,,,,,4.0
2026-07-02,BUY,068270,셀트리온,25,174600.0,,5.0,1.0,"GC,RSI탈출,MACD,BB회귀,STO_GC",기아,5.0,
2026-07-03,SELL,068270,셀트리온,25,183700.0,5.2119129438717104,,,,,,5.0
2026-07-03,BUY,068270,셀트리온,25,183700.0,,6.0,1.0,"GC,RSI탈출,MACD,BB회귀,200일선,STO_GC",KB금융,4.0,
2026-07-06,SELL,068270,셀트리온,25,183400.0,-0.16330974414806576,,,,,,6.0
2026-07-06,BUY,068270,셀트리온,25,183400.0,,6.0,1.0,"GC,RSI탈출,MACD,BB회귀,200일선,STO_GC",KB금융,5.0,
