date,held,hold_left,top1,portfolio
2025-06-25,삼성바이오로직스,5,삼성바이오로직스,10035516.9676
2025-06-26,삼성바이오로직스,4,한국전력,9989390.4676
2025-06-27,삼성바이오로직스,3,한국전력,9961714.7176
2025-06-30,삼성바이오로직스,2,한국전력,9924813.9676
2025-07-01,삼성바이오로직스,1,메리츠금융지주,10026291.2176
2025-07-02,메리츠금융지주,5,메리츠금융지주,10081181.863562498
2025-07-03,메리츠금융지주,4,삼성바이오로직스,10115981.863562498
2025-07-04,메리츠금융지주,3,삼성바이오로직스,9863681.863562498
2025-07-07,메리츠금융지주,2,셀트리온,9959381.863562498
2025-07-08,메리츠금융지주,1,셀트리온,10046381.863562498
2025-07-09,고려아연,5,고려아연,9733917.085654471
2025-07-10,고려아연,4,삼성바이오로직스,9690757.898154471
2025-07-11,고려아연,3,삼성바이오로직스,9744706.710654471
2025-07-14,고려아연,2,고려아연,9733917.085654471
2025-07-15,고려아연,1,HMM,9593649.898154471
2025-07-16,HMM,5,HMM,9341369.256504409
2025-07-17,HMM,4,삼성바이오로직스,9359899.240879409
2025-07-18,HMM,3,삼성바이오로직스,9267250.065098159
2025-07-21,HMM,2,LG에너지솔루션,9044891.744785659
2025-07-22,HMM,1,고려아연,9026361.760410659
2025-07-23,SK텔레콤,5,SK텔레콤,9017946.413449246
2025-07-24,SK텔레콤,4,기아,8921821.913449246
2025-07-25,SK텔레콤,3,삼성SDI,8921821.913449246
2025-07-28,SK텔레콤,2,한국전력,8873759.663449246
2025-07-29,SK텔레콤,1,현대차,8857738.913449246
2025-07-30,기아,5,기아,9271504.412572993
2025-07-31,기아,4,삼성전기,8596439.467260493
2025-08-01,기아,3,카카오,8471427.264135493
2025-08-04,기아,2,삼성전기,8638110.428197993
2025-08-05,기아,1,삼성전기,8521432.553197993
2025-08-06,삼성전기,5,삼성전기,8602692.716192761
2025-08-07,삼성전기,4,KB금융,8586342.247442761
2025-08-08,삼성전기,3,카카오,8847947.169317761
2025-08-11,삼성전기,2,카카오,8831596.700567761
2025-08-12,삼성전기,1,카카오,8722594.434942761
2025-08-13,KT&G,5,KT&G,8671984.63666123
2025-08-14,KT&G,4,SK하이닉스,8427506.94134873
2025-08-18,KT&G,3,메리츠금융지주,8440044.83197373
2025-08-19,KT&G,2,NAVER,8421239.01166123
2025-08-20,KT&G,1,삼성생명,8603028.77728623
2025-08-21,메리츠금융지주,5,메리츠금융지주,9165618.40706308
2025-08-22,메리츠금융지주,4,현대차,9172718.40706308
2025-08-25,메리츠금융지주,3,메리츠금융지주,9151418.40706308
2025-08-26,메리츠금융지주,2,현대차,9030718.40706308
2025-08-27,메리츠금융지주,1,SK하이닉스,8959718.40706308
2025-08-28,SK텔레콤,5,SK텔레콤,8852245.630404202
2025-08-29,SK텔레콤,4,SK,8739783.458529202
2025-09-01,SK텔레콤,3,기아,8836179.786654202
2025-09-02,SK텔레콤,2,LG,8820113.942904202
2025-09-03,SK텔레콤,1,NAVER,8771915.146029202
2025-09-04,LG,5,LG,8800726.456726793
2025-09-05,LG,4,LG,8812292.394226793
2025-09-08,LG,3,NAVER,8846991.144226793
2025-09-09,LG,2,LG,8997349.269226793
2025-09-10,LG,1,SK이노베이션,9055178.956726793
2025-09-11,NAVER,5,NAVER,9011683.82464723
2025-09-12,NAVER,4,삼성바이오로직스,9127467.51214723
2025-09-15,NAVER,3,삼성전자,9050278.59027223
2025-09-16,NAVER,2,삼성바이오로직스,9088873.35589723
2025-09-17,NAVER,1,우리금융지주,9030981.51214723
2025-09-18,POSCO홀딩스,5,POSCO홀딩스,9083739.792266991
2025-09-22,POSCO홀딩스,4,KT&G,8989540.792266991
2025-09-23,POSCO홀딩스,3,신한지주,8926742.792266991
2025-09-24,POSCO홀딩스,2,삼성SDI,8863943.792266991
2025-09-25,POSCO홀딩스,1,SK텔레콤,9005241.792266991
2025-09-26,삼성SDI,5,삼성SDI,8691296.049812809
2025-09-29,삼성SDI,4,셀트리온,8838296.049812809
2025-09-30,삼성SDI,3,POSCO홀딩스,8796296.049812809
2025-10-01,삼성SDI,2,셀트리온,8754296.049812809
2025-10-02,삼성SDI,1,셀트리온,8859296.049812809
2025-10-10,SK이노베이션,5,SK이노베이션,8761631.024812806
2025-10-13,SK이노베이션,4,삼성SDI,8846631.024812806
2025-10-14,SK이노베이션,3,SK이노베이션,9033631.024812806
2025-10-15,SK이노베이션,2,POSCO홀딩스,9161131.024812806
2025-10-16,SK이노베이션,1,SK이노베이션,9866631.024812806
2025-10-17,기아,5,기아,9830082.446135916
2025-10-20,기아,4,기아,10039297.844573416
2025-10-21,기아,3,메리츠금융지주,10152622.703948416
2025-10-22,기아,2,기아,10353121.297698416
2025-10-23,기아,1,메리츠금융지주,10082884.000823416
2025-10-24,LG,5,LG,10014104.383059781
2025-10-27,LG,4,셀트리온,10373713.812747281
2025-10-28,LG,3,메리츠금융지주,10373713.812747281
2025-10-29,LG,2,카카오,10410914.890872281
2025-10-30,LG,1,카카오,10324112.375247281
2025-10-31,HMM,5,HMM,10189129.50836753
2025-11-03,HMM,4,카카오,10040405.553289404
2025-11-04,HMM,3,NAVER,10015618.061101904
2025-11-05,HMM,2,SK텔레콤,9817319.12164878
2025-11-06,HMM,1,NAVER,9941255.584539404
2025-11-07,SK텔레콤,5,SK텔레콤,9881104.377128316
2025-11-10,SK텔레콤,4,카카오,9973335.674003316
2025-11-11,SK텔레콤,3,SK텔레콤,10028674.306815816
2025-11-12,SK텔레콤,2,SK텔레콤,10010227.611503316
2025-11-13,SK텔레콤,1,KT&G,10010227.611503316
2025-11-14,메리츠금융지주,5,메리츠금융지주,9962987.676307445
2025-11-17,메리츠금융지주,4,KT&G,9071987.676307445
2025-11-18,메리츠금융지주,3,기아,8828987.676307445
2025-11-19,메리츠금융지주,2,셀트리온,8893787.676307445
2025-11-20,메리츠금융지주,1,SK텔레콤,9007187.676307445
2025-11-21,셀트리온,5,셀트리온,9263384.817489332
2025-11-24,셀트리온,4,셀트리온,9002002.754989332
2025-11-25,셀트리온,3,SK텔레콤,9021730.254989332
2025-11-26,셀트리온,2,삼성전자,9263384.817489332
2025-11-27,셀트리온,1,삼성전기,9154886.817489332
2025-11-28,현대모비스,5,현대모비스,9336284.441146428
2025-12-01,현대모비스,4,현대모비스,9158377.878646428
2025-12-02,현대모비스,3,우리금융지주,9558667.878646428
2025-12-03,현대모비스,2,우리금융지주,9632796.003646428
2025-12-04,현대모비스,1,삼성생명,10463029.128646428
2025-12-05,현대차,5,현대차,11650523.65722456
2025-12-08,현대차,4,현대차,11668874.50097456
2025-12-09,현대차,3,삼성SDI,11356899.75097456
2025-12-10,현대차,2,HMM,11191735.21972456
2025-12-11,현대차,1,SK하이닉스,10934814.15722456
2025-12-12,LG에너지솔루션,5,LG에너지솔루션,11050078.186617069
2025-12-15,LG에너지솔루션,4,메리츠금융지주,10978078.186617069
2025-12-16,LG에너지솔루션,3,셀트리온,10390078.186617069
2025-12-17,LG에너지솔루션,2,삼성바이오로직스,10330078.186617069
2025-12-18,LG에너지솔루션,1,SK하이닉스,9442078.186617069
2025-12-19,SK하이닉스,5,SK하이닉스,9129762.78634833
2025-12-22,SK하이닉스,4,SK텔레콤,9656701.78634833
2025-12-23,SK하이닉스,3,NAVER,9720573.78634833
2025-12-24,SK하이닉스,2,SK텔레콤,9784444.78634833
2025-12-26,SK하이닉스,1,SK하이닉스,9960091.78634833
2025-12-29,SK하이닉스,5,SK하이닉스,10591636.355849892
2025-12-30,SK하이닉스,4,SK텔레콤,10767283.355849892
2026-01-02,SK하이닉스,3,NAVER,11182446.355849892
2026-01-05,SK하이닉스,2,카카오,11485836.355849892
2026-01-06,SK하이닉스,1,NAVER,11964872.355849892
2026-01-07,SK,5,SK,12350488.094399933
2026-01-08,SK,4,기아,12242692.219399933
2026-01-09,SK,3,셀트리온,12436725.344399933
2026-01-12,SK,2,현대차,12221132.219399933
2026-01-13,SK,1,SK이노베이션,12307369.469399933
2026-01-14,POSCO홀딩스,5,POSCO홀딩스,12019769.059931811
2026-01-15,POSCO홀딩스,4,SK텔레콤,12244859.528681811
2026-01-16,POSCO홀딩스,3,LG에너지솔루션,11552274.059931811
2026-01-19,POSCO홀딩스,2,고려아연,12106341.559931811
2026-01-20,POSCO홀딩스,1,LG에너지솔루션,12452634.841181811
2026-01-21,HMM,5,HMM,11915564.243811766
2026-01-22,HMM,4,우리금융지주,12182307.51138989
2026-01-23,HMM,3,SK이노베이션,12063754.41763989
2026-01-26,HMM,2,기업은행,11915564.243811766
2026-01-27,HMM,1,카카오,11945202.517249266
2026-01-28,메리츠금융지주,5,메리츠금융지주,12004141.176657407
2026-01-29,메리츠금융지주,4,메리츠금융지주,12047341.176657407
2026-01-30,메리츠금융지주,3,메리츠금융지주,12630541.176657407
2026-02-02,메리츠금융지주,2,메리츠금융지주,12716941.176657407
2026-02-03,메리츠금융지주,1,메리츠금융지주,12954541.176657407
2026-02-04,NAVER,5,NAVER,12799739.320181979
2026-02-05,NAVER,4,HMM,12443481.070181979
2026-02-06,NAVER,3,기업은행,12063473.320181979
2026-02-09,NAVER,2,셀트리온,12110973.820181979
2026-02-10,NAVER,1,셀트리온,12300978.070181979
2026-02-11,HMM,5,HMM,12168981.60595365
2026-02-12,HMM,4,셀트리온,12342153.334469276
2026-02-13,HMM,3,HMM,12399876.4692349
2026-02-19,HMM,2,HMM,13121425.5317349
2026-02-20,HMM,1,기아,13381182.54345365
2026-02-23,LG화학,5,LG화학,13127401.468679601
2026-02-24,LG화학,4,기아,13824915.249929601
2026-02-25,LG화학,3,삼성바이오로직스,15258695.406179601
2026-02-26,LG화학,2,LG에너지솔루션,15355571.406179601
2026-02-27,LG화학,1,삼성바이오로직스,16421218.374929601
2026-03-03,카카오,5,카카오,14569129.697647113
2026-03-04,카카오,4,고려아연,12202596.111709613
2026-03-05,카카오,3,고려아연,13275941.685928363
2026-03-06,카카오,2,삼성바이오로직스,13896672.619522113
2026-03-09,카카오,1,카카오,13087297.619522113
2026-03-10,삼성바이오로직스,5,삼성바이오로직스,13051087.189522112
2026-03-11,삼성바이오로직스,4,삼성바이오로직스,13571087.189522112
2026-03-12,삼성바이오로직스,3,삼성바이오로직스,13315087.189522112
2026-03-13,삼성바이오로직스,2,LG에너지솔루션,13051087.189522112
2026-03-16,삼성바이오로직스,1,카카오,12859087.189522112
2026-03-17,SK하이닉스,5,SK하이닉스,12530018.744485965
2026-03-18,SK하이닉스,4,LG에너지솔루션,13561846.994485965
2026-03-19,SK하이닉스,3,SK이노베이션,13045932.494485965
2026-03-20,SK하이닉스,2,신한지주,12973944.494485965
2026-03-23,SK하이닉스,1,SK이노베이션,12086092.994485965
2026-03-24,삼성생명,5,삼성생명,12442442.132314134
2026-03-25,삼성생명,4,LG에너지솔루션,12750442.132314134
2026-03-26,삼성생명,3,LG에너지솔루션,12442442.132314134
2026-03-27,삼성생명,2,POSCO홀딩스,12498442.132314134
2026-03-30,삼성생명,1,LG에너지솔루션,12302442.132314134
2026-03-31,LG화학,5,LG화학,11171026.482314134
2026-04-01,LG화학,4,KT&G,11707526.482314134
2026-04-02,LG화학,3,POSCO홀딩스,11282026.482314134
2026-04-03,LG화학,2,SK이노베이션,11374526.482314134
2026-04-06,LG화학,1,LG화학,11837026.482314134
2026-04-07,LG에너지솔루션,5,LG에너지솔루션,11805635.307314135
2026-04-08,LG에너지솔루션,4,LG화학,11735635.307314135
2026-04-09,LG에너지솔루션,3,HMM,12155635.307314135
2026-04-10,LG에너지솔루션,2,HMM,11903635.307314135
2026-04-13,LG에너지솔루션,1,HMM,11609635.307314135
2026-04-14,고려아연,5,고려아연,11400815.903831985
2026-04-15,고려아연,4,기업은행,11466575.153831985
2026-04-16,고려아연,3,기업은행,11669833.403831985
2026-04-17,고려아연,2,한국전력,11580160.403831985
2026-04-20,고려아연,1,한국전력,11496466.403831985
2026-04-21,한국전력,5,한국전력,11500311.053354738
2026-04-22,한국전력,4,NAVER,11587811.053354738
2026-04-23,한국전력,3,셀트리온,11550311.053354738
2026-04-24,한국전력,2,셀트리온,11550311.053354738
2026-04-27,한국전력,1,셀트리온,11462811.053354738
2026-04-28,NAVER,5,NAVER,11557173.903354738
2026-04-29,NAVER,4,셀트리온,11583173.903354738
2026-04-30,NAVER,3,기아,11115173.903354738
2026-05-04,NAVER,2,기업은행,11011173.903354738
2026-05-06,NAVER,1,HMM,10959173.903354738
2026-05-07,고려아연,5,고려아연,9880282.23334332
2026-05-08,고려아연,4,HMM,9874304.73334332
2026-05-11,고려아연,3,기아,9688981.23334332
2026-05-12,고려아연,2,기아,9593330.73334332
2026-05-13,고려아연,1,셀트리온,9527570.73334332
2026-05-14,SK텔레콤,5,SK텔레콤,9413491.596261658
2026-05-15,SK텔레콤,4,셀트리온,9285756.783761658
2026-05-18,SK텔레콤,3,SK텔레콤,9212764.846261658
2026-05-19,SK텔레콤,2,HMM,8957294.502511658
2026-05-20,SK텔레콤,1,SK텔레콤,8993790.471261658
2026-05-21,SK텔레콤,5,SK텔레콤,9401105.710912375
2026-05-22,SK텔레콤,4,HMM,9401105.710912375
2026-05-26,SK텔레콤,3,HMM,9337238.304662375
2026-05-27,SK텔레콤,2,삼성바이오로직스,9182131.335912375
2026-05-28,SK텔레콤,1,SK,8936491.335912375
2026-05-29,삼성SDI,5,삼성SDI,9240323.795912374
2026-06-01,삼성SDI,4,NAVER,8772323.795912374
2026-06-02,삼성SDI,3,NAVER,8122323.795912374
2026-06-04,삼성SDI,2,NAVER,8187323.795912374
2026-06-05,삼성SDI,1,HMM,7680323.795912374
2026-06-08,기업은행,5,기업은행,6901214.445912373
2026-06-09,기업은행,4,NAVER,7003214.445912373
2026-06-10,기업은행,3,기업은행,7122214.445912373
2026-06-11,기업은행,2,기업은행,7139214.445912373
2026-06-12,기업은행,1,기업은행,7428214.445912373
2026-06-15,메리츠금융지주,5,메리츠금융지주,7628463.225912372
2026-06-16,메리츠금융지주,4,HMM,7839263.225912372
2026-06-17,메리츠금융지주,3,HMM,7832463.225912372
2026-06-18,메리츠금융지주,2,셀트리온,7689663.225912372
2026-06-19,메리츠금융지주,1,삼성바이오로직스,7410863.225912372
2026-06-22,LG에너지솔루션,5,LG에너지솔루션,6991173.375912371
2026-06-23,LG에너지솔루션,4,한국전력,6568173.375912371
2026-06-24,LG에너지솔루션,3,한국전력,6631173.375912371
2026-06-25,LG에너지솔루션,2,삼성바이오로직스,6388173.375912371
2026-06-26,LG에너지솔루션,1,기아,6019173.375912371
2026-06-29,SK,5,SK,5876314.42591237
2026-06-30,SK,4,LG에너지솔루션,6219314.42591237
2026-07-01,SK,3,SK,5722314.42591237
2026-07-02,SK,2,셀트리온,5162314.42591237
2026-07-03,SK,1,셀트리온,5211314.42591237
2026-07-06,현금,0,셀트리온,
