date,cash,portfolio,n_positions,day_sells,day_buys,top5,month
2025-07-01,765260.9497803072,10040484.641186558,5,0,1,메리츠금융지주 | 한국전력 | LG에너지솔루션 | POSCO홀딩스 | SK하이닉스,2025-07
2025-07-02,915426.3931237571,10029040.518123757,6,1,1,메리츠금융지주 | 삼성바이오로직스 | 셀트리온 | POSCO홀딩스 | LG화학,2025-07
2025-07-03,915426.3931237571,10360766.674373757,6,0,0,삼성바이오로직스 | 셀트리온 | 메리츠금융지주 | POSCO홀딩스 | LG에너지솔루션,2025-07
2025-07-04,915426.3931237571,10270223.924373757,6,0,0,삼성바이오로직스 | 셀트리온 | 메리츠금융지주 | LG에너지솔루션 | 삼성전자,2025-07
2025-07-07,915426.3931237571,10290307.408748757,6,0,0,셀트리온 | HMM | 삼성바이오로직스 | LG화학 | 한국전력,2025-07
2025-07-08,915426.3931237571,10292230.299373757,6,0,0,셀트리온 | LG에너지솔루션 | 삼성바이오로직스 | 메리츠금융지주 | 신한지주,2025-07
2025-07-09,915426.3931237571,10328277.986873757,6,0,0,고려아연 | HMM | 삼성물산 | 삼성바이오로직스 | SK,2025-07
2025-07-10,915426.3931237571,10547876.830623757,6,0,0,삼성바이오로직스 | HMM | 삼성물산 | 셀트리온 | 현대모비스,2025-07
2025-07-11,915426.3931237571,10636271.830623757,6,0,0,삼성바이오로직스 | 삼성물산 | 셀트리온 | LG에너지솔루션 | HMM,2025-07
2025-07-14,915426.3931237571,10733256.096248757,6,0,0,고려아연 | HMM | 삼성바이오로직스 | 삼성물산 | LG에너지솔루션,2025-07
2025-07-15,915426.3931237571,10699359.143123757,6,0,0,HMM | 삼성물산 | 기아 | 삼성바이오로직스 | 현대모비스,2025-07
2025-07-16,915426.3931237571,10387042.596248757,6,0,0,HMM | 셀트리온 | 삼성전자 | 고려아연 | 삼성물산,2025-07
2025-07-17,915426.3931237571,10325542.236873757,6,0,0,삼성바이오로직스 | 삼성전자 | 고려아연 | 삼성물산 | NAVER,2025-07
2025-07-18,915426.3931237571,10373781.955623757,6,0,0,삼성바이오로직스 | 고려아연 | 삼성물산 | 삼성생명 | 삼성전자,2025-07
2025-07-21,915426.3931237571,10664641.268123757,6,0,0,LG에너지솔루션 | 현대차 | 삼성SDI | 삼성전자 | 삼성생명,2025-07
2025-07-22,915426.3931237571,10583619.096248757,6,0,0,고려아연 | 삼성SDI | POSCO홀딩스 | LG에너지솔루션 | 삼성전자,2025-07
2025-07-23,750574.1726312574,10700845.782006256,8,1,1,SK텔레콤 | LG에너지솔루션 | 삼성바이오로직스 | 삼성SDI | 한국전력,2025-07
2025-07-24,750574.1726312574,10873885.860131256,8,0,0,기아 | 현대차 | 삼성바이오로직스 | 삼성SDI | SK이노베이션,2025-07
2025-07-25,750574.1726312574,10806638.735131256,8,0,0,삼성SDI | 현대차 | 기아 | LG에너지솔루션 | 삼성바이오로직스,2025-07
2025-07-28,777544.2370435032,10808745.158918504,10,1,1,한국전력 | 현대차 | 기아 | NAVER | 고려아연,2025-07
2025-07-29,777544.2370435032,10847248.377668504,10,0,0,현대차 | 기아 | 삼성바이오로직스 | 한국전력 | 삼성전기,2025-07
2025-07-30,1122059.7163088196,10886969.51318382,10,1,1,기아 | 현대차 | LG에너지솔루션 | 삼성바이오로직스 | 메리츠금융지주,2025-07
2025-07-31,1122059.7163088196,10687873.43505882,10,0,0,삼성전기 | 현대차 | 기아 | 고려아연 | KB금융,2025-07
2025-08-01,1122059.7163088196,10311081.07568382,10,0,0,카카오 | 삼성전기 | SK텔레콤 | 현대차 | 기아,2025-08
2025-08-04,1122059.7163088196,10406203.43505882,10,0,0,삼성전기 | 현대차 | 기아 | KB금융 | NAVER,2025-08
2025-08-05,1122059.7163088196,10535503.07568382,10,0,0,삼성전기 | 현대차 | 기아 | SK텔레콤 | 메리츠금융지주,2025-08
2025-08-06,1122059.7163088196,10626566.51709007,10,0,0,삼성전기 | KB금융 | SK이노베이션 | 메리츠금융지주 | SK텔레콤,2025-08
2025-08-07,1122059.7163088196,10614859.10693382,10,0,0,KB금융 | SK이노베이션 | 메리츠금융지주 | 한국전력 | 신한지주,2025-08
2025-08-08,1122059.7163088196,10527821.63818382,10,0,0,카카오 | NAVER | 고려아연 | 신한지주 | 우리금융지주,2025-08
2025-08-11,1122059.7163088196,10564028.62255882,10,0,0,카카오 | KT&G | SK텔레콤 | 기업은행 | 현대모비스,2025-08
2025-08-12,1122059.7163088196,10550050.09130882,10,0,0,카카오 | 신한지주 | SK하이닉스 | KT&G | 고려아연,2025-08
2025-08-13,1122059.7163088196,10687783.85693382,10,0,0,KT&G | KB금융 | 신한지주 | 우리금융지주 | SK텔레콤,2025-08
2025-08-14,1122059.7163088196,10859804.90380882,10,0,0,SK하이닉스 | KB금융 | 메리츠금융지주 | 현대모비스 | SK이노베이션,2025-08
2025-08-18,1122059.7163088196,10745998.52880882,10,0,0,메리츠금융지주 | SK이노베이션 | 고려아연 | 카카오 | SK텔레콤,2025-08
2025-08-19,1122059.7163088196,10711700.21630882,10,0,0,NAVER | 카카오 | 메리츠금융지주 | SK하이닉스 | KT&G,2025-08
2025-08-20,418618.4121723351,10661013.462953586,12,1,1,삼성생명 | 현대차 | 현대모비스 | POSCO홀딩스 | 카카오,2025-08
2025-08-21,418618.4121723351,10941099.123109836,12,0,0,메리츠금융지주 | 삼성생명 | 현대차 | SK텔레콤 | 기아,2025-08
2025-08-22,418618.4121723351,10924741.388734836,12,0,0,메리츠금융지주 | 현대차 | 삼성생명 | POSCO홀딩스 | LG화학,2025-08
2025-08-25,418618.4121723351,11007765.142641086,12,0,0,메리츠금융지주 | 삼성바이오로직스 | 기아 | SK하이닉스 | 고려아연,2025-08
2025-08-26,418618.4121723351,10876017.459047336,12,0,0,LG | 현대차 | 고려아연 | 삼성생명 | SK이노베이션,2025-08
2025-08-27,418618.4121723351,10804071.716859836,12,0,0,SK하이닉스 | 현대모비스 | 메리츠금융지주 | 기아 | LG화학,2025-08
2025-08-28,418618.4121723351,10786112.044984836,12,0,0,SK텔레콤 | 고려아연 | 삼성물산 | 삼성바이오로직스 | 기아,2025-08
2025-08-29,418618.4121723351,10743756.142641086,12,0,0,SK | 삼성물산 | LG | SK텔레콤 | 기아,2025-08
2025-09-01,514851.6805393655,10679070.664914366,12,2,1,기아 | SK하이닉스 | SK | HMM | 삼성물산,2025-09
2025-09-02,514851.6805393655,10700066.426633116,12,0,0,LG | 셀트리온 | 기아 | SK텔레콤 | SK,2025-09
2025-09-03,514851.6805393655,10668649.28405499,12,0,0,NAVER | 삼성물산 | SK하이닉스 | 한국전력 | 삼성바이오로직스,2025-09
2025-09-04,550460.8529229307,10665769.802141681,13,1,1,LG | 고려아연 | SK하이닉스 | 셀트리온 | KB금융,2025-09
2025-09-05,550460.8529229307,10583358.290422931,13,0,0,LG | SK이노베이션 | NAVER | SK하이닉스 | SK,2025-09
2025-09-08,550460.8529229307,10566904.184954181,13,0,0,NAVER | LG | 삼성바이오로직스 | SK텔레콤 | SK하이닉스,2025-09
2025-09-09,550460.8529229307,10722312.665422931,13,0,0,LG | SK이노베이션 | 삼성바이오로직스 | 셀트리온 | HMM,2025-09
2025-09-10,550460.8529229307,10808531.487688556,13,0,0,SK이노베이션 | 삼성바이오로직스 | NAVER | LG | POSCO홀딩스,2025-09
2025-09-11,550460.8529229307,10793729.948626056,13,0,0,NAVER | 하나금융지주 | 기업은행 | SK하이닉스 | KB금융,2025-09
2025-09-12,550460.8529229307,10820501.354876056,13,0,0,삼성바이오로직스 | SK이노베이션 | 하나금융지주 | 삼성전자 | SK텔레콤,2025-09
2025-09-15,550460.8529229307,10715113.181047931,13,0,0,삼성전자 | 삼성바이오로직스 | 신한지주 | 하나금융지주 | NAVER,2025-09
2025-09-16,550460.8529229307,10611912.944719806,13,0,0,삼성바이오로직스 | 하나금융지주 | 우리금융지주 | 신한지주 | 기업은행,2025-09
2025-09-17,550460.8529229307,10598662.192766681,13,0,0,우리금융지주 | 신한지주 | 삼성전자 | 삼성SDI | NAVER,2025-09
2025-09-18,550460.8529229307,10576388.413469806,13,0,0,POSCO홀딩스 | SK텔레콤 | SK이노베이션 | KT&G | KB금융,2025-09
2025-09-22,550460.8529229307,10484995.130266681,13,0,0,KT&G | 셀트리온 | 삼성SDI | 삼성바이오로직스 | 카카오,2025-09
2025-09-23,550460.8529229307,10474768.391985431,13,0,0,신한지주 | KT&G | 셀트리온 | 삼성SDI | 삼성전자,2025-09
2025-09-24,550460.8529229307,10384472.282610431,13,0,0,삼성SDI | LG에너지솔루션 | 셀트리온 | 삼성전자 | 삼성바이오로직스,2025-09
2025-09-25,550460.8529229307,10367681.409563556,13,0,0,SK텔레콤 | HMM | 삼성바이오로직스 | 삼성전자 | 삼성SDI,2025-09
2025-09-26,550460.8529229307,10194980.620501056,13,0,0,삼성SDI | LG에너지솔루션 | POSCO홀딩스 | 셀트리온 | SK텔레콤,2025-09
2025-09-29,550460.8529229307,10327885.419329181,13,0,0,셀트리온 | KT&G | 삼성SDI | NAVER | 신한지주,2025-09
2025-09-30,586189.7817463491,10229498.3637776,13,1,1,POSCO홀딩스 | LG에너지솔루션 | 셀트리온 | 삼성SDI | HMM,2025-09
2025-10-01,586189.7817463491,10228664.650886975,13,0,0,셀트리온 | 삼성생명 | 현대모비스 | SK | LG에너지솔루션,2025-10
2025-10-02,586189.7817463491,10339211.357918225,13,0,0,셀트리온 | 메리츠금융지주 | 삼성바이오로직스 | SK텔레콤 | KT&G,2025-10
2025-10-10,586189.7817463491,10091471.768074475,13,0,0,SK이노베이션 | LG에너지솔루션 | 셀트리온 | 삼성바이오로직스 | LG,2025-10
2025-10-13,586189.7817463491,10177876.5044026,13,0,0,삼성SDI | SK텔레콤 | 한국전력 | 삼성전기 | 고려아연,2025-10
2025-10-14,586189.7817463491,10260495.795418225,13,0,0,SK이노베이션 | 고려아연 | 삼성SDI | POSCO홀딩스 | 삼성바이오로직스,2025-10
2025-10-15,798803.5464370725,10376507.673390198,13,1,1,SK이노베이션 | 삼성바이오로직스 | 고려아연 | POSCO홀딩스 | 현대차,2025-10
2025-10-16,798803.5464370725,10689118.993702698,13,0,0,SK이노베이션 | 삼성바이오로직스 | 기아 | 한국전력 | POSCO홀딩스,2025-10
2025-10-17,435957.2007730227,10739066.427335523,13,1,1,기아 | SK이노베이션 | 한국전력 | 삼성바이오로직스 | SK텔레콤,2025-10
2025-10-20,338256.70185103046,10981341.360054156,12,1,1,기아 | SK이노베이션 | 한국전력 | 현대차 | LG화학,2025-10
2025-10-21,338256.70185103046,11033394.67841353,12,0,0,메리츠금융지주 | SK이노베이션 | 현대모비스 | LG | 삼성바이오로직스,2025-10
2025-10-22,338256.70185103046,11224866.27606978,12,0,0,기아 | SK이노베이션 | 한국전력 | 삼성바이오로직스 | 셀트리온,2025-10
2025-10-23,338256.70185103046,11034428.38544478,12,0,0,메리츠금융지주 | HMM | SK텔레콤 | LG | SK이노베이션,2025-10
2025-10-24,338256.70185103046,11209552.656929156,12,0,0,LG | POSCO홀딩스 | KT&G | LG화학 | 기업은행,2025-10
2025-10-27,338256.70185103046,11192388.42841353,12,0,0,하나금융지주 | 셀트리온 | LG화학 | 현대모비스 | 삼성바이오로직스,2025-10
2025-10-28,338256.70185103046,11137648.090522906,12,0,0,메리츠금융지주 | HMM | 기업은행 | 삼성바이오로직스 | 카카오,2025-10
2025-10-29,338256.70185103046,11261955.72919478,12,0,0,카카오 | 셀트리온 | LG화학 | 하나금융지주 | 기업은행,2025-10
2025-10-30,338256.70185103046,11155975.67450728,12,0,0,카카오 | SK텔레콤 | LG | 삼성물산 | NAVER,2025-10
2025-10-31,80116.41678248747,11144147.563266862,13,1,1,HMM | 현대모비스 | 카카오 | LG | 기업은행,2025-10
2025-11-03,80116.41678248747,11072680.494907487,13,0,0,카카오 | NAVER | 셀트리온 | 기업은행 | 현대모비스,2025-11
2025-11-04,80116.41678248747,11143776.401157487,13,0,0,NAVER | KB금융 | LG | SK | 삼성전자,2025-11
2025-11-05,80116.41678248747,10979226.020298112,13,0,0,SK텔레콤 | 메리츠금융지주 | NAVER | 하나금융지주 | KT&G,2025-11
2025-11-06,80116.41678248747,11161387.537876237,13,0,0,NAVER | 메리츠금융지주 | SK텔레콤 | 우리금융지주 | 카카오,2025-11
2025-11-07,80116.41678248747,10961472.205844987,13,0,0,SK텔레콤 | 하나금융지주 | 메리츠금융지주 | 기업은행 | 우리금융지주,2025-11
2025-11-10,80116.41678248747,11218856.385532487,13,0,0,카카오 | 하나금융지주 | 메리츠금융지주 | NAVER | 우리금융지주,2025-11
2025-11-11,80116.41678248747,11238723.803501237,13,0,0,SK텔레콤 | 메리츠금융지주 | KT&G | 하나금융지주 | HMM,2025-11
2025-11-12,80116.41678248747,11557207.686313737,13,0,0,SK텔레콤 | 하나금융지주 | 삼성전자 | 메리츠금융지주 | KT&G,2025-11
2025-11-13,80116.41678248747,11629005.543735612,13,0,0,KT&G | 메리츠금융지주 | 하나금융지주 | 삼성생명 | 우리금융지주,2025-11
2025-11-14,80116.41678248747,11497470.793735612,13,0,0,메리츠금융지주 | 삼성생명 | 셀트리온 | KT&G | SK텔레콤,2025-11
2025-11-17,80116.41678248747,11197811.467563737,13,0,0,KT&G | 메리츠금융지주 | 셀트리온 | 하나금융지주 | SK텔레콤,2025-11
2025-11-18,317267.42809350585,10959764.555046631,12,1,1,기아 | KT&G | 셀트리온 | 하나금융지주 | SK텔레콤,2025-11
2025-11-19,317267.42809350585,11005907.443718506,12,0,0,셀트리온 | 기아 | KT&G | 고려아연 | 하나금융지주,2025-11
2025-11-20,317267.42809350585,11122220.691765381,12,0,0,SK텔레콤 | 셀트리온 | KT&G | 기업은행 | HMM,2025-11
2025-11-21,317267.42809350585,11000832.041374756,12,0,0,셀트리온 | HMM | 메리츠금융지주 | POSCO홀딩스 | 삼성전자,2025-11
2025-11-24,317267.42809350585,10796398.922234131,12,0,0,셀트리온 | KT&G | 기아 | 고려아연 | NAVER,2025-11
2025-11-25,317267.42809350585,10829245.431999756,12,0,0,SK텔레콤 | 삼성전자 | 카카오 | KT&G | 삼성전기,2025-11
2025-11-26,317267.42809350585,11162132.187859131,12,0,0,삼성전자 | 셀트리온 | HMM | 삼성물산 | 삼성생명,2025-11
2025-11-27,517751.0759094468,11063337.552471947,12,1,1,삼성전기 | 삼성물산 | 삼성전자 | SK텔레콤 | 현대모비스,2025-11
2025-11-28,517751.0759094468,11051469.263409447,12,0,0,현대모비스 | 삼성전자 | LG에너지솔루션 | 삼성물산 | SK하이닉스,2025-11
2025-12-01,517751.0759094468,11040734.939190697,12,0,0,현대모비스 | HMM | SK텔레콤 | KB금융 | 메리츠금융지주,2025-12
2025-12-02,517751.0759094468,11174568.950909447,12,0,0,우리금융지주 | HMM | 삼성물산 | 삼성생명 | 삼성전자,2025-12
2025-12-03,517751.0759094468,11229776.888409447,12,0,0,우리금융지주 | HMM | 삼성전자 | 현대모비스 | 삼성생명,2025-12
2025-12-04,517751.0759094468,11247582.400128197,12,0,0,삼성생명 | 카카오 | 메리츠금융지주 | LG | 삼성전자,2025-12
2025-12-05,517751.0759094468,11445920.109112572,12,0,0,현대차 | 삼성생명 | LG | 삼성전자 | 기아,2025-12
2025-12-08,517751.0759094468,11529490.972393822,12,0,0,현대차 | 메리츠금융지주 | HMM | 삼성생명 | LG,2025-12
2025-12-09,517751.0759094468,11450988.021221947,12,0,0,삼성SDI | 카카오 | 현대차 | 기아 | SK하이닉스,2025-12
2025-12-10,517751.0759094468,11388708.712628197,12,0,0,HMM | 삼성생명 | SK텔레콤 | SK | 삼성바이오로직스,2025-12
2025-12-11,517751.0759094468,11293431.714581322,12,0,0,SK하이닉스 | 삼성바이오로직스 | LG에너지솔루션 | 현대차 | LG,2025-12
2025-12-12,517751.0759094468,11574935.505596947,12,0,0,LG에너지솔루션 | 셀트리온 | HMM | 삼성바이오로직스 | 현대차,2025-12
2025-12-15,517751.0759094468,11472810.224346947,12,0,0,메리츠금융지주 | SK이노베이션 | LG | SK텔레콤 | 삼성바이오로직스,2025-12
2025-12-16,517751.0759094468,11298651.935284447,12,0,0,셀트리온 | 삼성바이오로직스 | 메리츠금융지주 | LG에너지솔루션 | 현대차,2025-12
2025-12-17,517751.0759094468,11359239.294659447,12,0,0,삼성바이오로직스 | KT&G | LG | 메리츠금융지주 | HMM,2025-12
2025-12-18,517751.0759094468,11141322.515362572,12,0,0,SK하이닉스 | SK이노베이션 | POSCO홀딩스 | 한국전력 | 삼성바이오로직스,2025-12
2025-12-19,517751.0759094468,11244493.265362572,12,0,0,SK하이닉스 | 카카오 | 삼성바이오로직스 | POSCO홀딩스 | KT&G,2025-12
2025-12-22,517751.0759094468,11281566.995831322,12,0,0,SK텔레콤 | NAVER | 메리츠금융지주 | LG에너지솔루션 | KT&G,2025-12
2025-12-23,517751.0759094468,11245431.527081322,12,0,0,NAVER | 삼성생명 | 메리츠금융지주 | LG에너지솔루션 | SK이노베이션,2025-12
2025-12-24,517751.0759094468,11345655.314190697,12,0,0,SK텔레콤 | SK하이닉스 | 삼성생명 | KT&G | 삼성전자,2025-12
2025-12-26,517751.0759094468,11208241.806378197,12,0,0,SK하이닉스 | KB금융 | 카카오 | POSCO홀딩스 | 삼성생명,2025-12
2025-12-29,517751.0759094468,11400648.042706322,12,0,0,SK하이닉스 | 삼성바이오로직스 | 삼성전자 | 삼성생명 | 삼성전기,2025-12
2025-12-30,517751.0759094468,11365582.476300072,12,0,0,SK텔레콤 | 메리츠금융지주 | 하나금융지주 | NAVER | SK하이닉스,2025-12
2026-01-02,456252.18909861153,11291667.693004861,12,1,1,NAVER | SK텔레콤 | 메리츠금융지주 | SK하이닉스 | 하나금융지주,2026-01
2026-01-05,456252.18909861153,11300749.901989236,12,0,0,카카오 | NAVER | 셀트리온 | SK하이닉스 | SK,2026-01
2026-01-06,798599.742441131,11327365.408456756,12,2,1,NAVER | 카카오 | SK | 현대차 | 셀트리온,2026-01
2026-01-07,798599.742441131,11418812.44556613,12,0,0,SK | NAVER | 한국전력 | 현대차 | 카카오,2026-01
2026-01-08,1082914.5657311543,11321210.905574905,12,1,1,기아 | 현대차 | 삼성물산 | SK하이닉스 | 삼성바이오로직스,2026-01
2026-01-09,1439313.8372116229,11315722.636039749,13,1,1,셀트리온 | 삼성전기 | 삼성물산 | SK이노베이션 | 삼성바이오로직스,2026-01
2026-01-12,1439313.8372116229,11346227.118461624,13,0,0,현대차 | NAVER | SK | 한국전력 | SK텔레콤,2026-01
2026-01-13,1439313.8372116229,11956331.393852249,13,0,0,SK이노베이션 | 현대차 | LG에너지솔루션 | NAVER | 삼성전기,2026-01
2026-01-14,698282.6783230683,11990445.717385568,15,1,1,POSCO홀딩스 | LG에너지솔루션 | LG화학 | SK이노베이션 | SK텔레콤,2026-01
2026-01-15,487444.3778781664,12137586.221628167,17,1,1,SK텔레콤 | 현대차 | SK | 하나금융지주 | 기아,2026-01
2026-01-16,487444.3778781664,12068620.934518792,17,0,0,LG에너지솔루션 | 삼성SDI | LG화학 | SK이노베이션 | 현대차,2026-01
2026-01-19,487444.3778781664,12412727.909128167,17,0,0,고려아연 | LG | 한국전력 | SK텔레콤 | 하나금융지주,2026-01
2026-01-20,487444.3778781664,12654349.829050042,17,0,0,LG에너지솔루션 | LG화학 | SK이노베이션 | 기아 | 삼성SDI,2026-01
2026-01-21,487444.3778781664,12574478.889596917,17,0,0,HMM | LG에너지솔루션 | LG화학 | SK이노베이션 | KT&G,2026-01
2026-01-22,370544.9518011119,12849355.678363612,17,1,1,우리금융지주 | 고려아연 | KB금융 | LG | 하나금융지주,2026-01
2026-01-23,370544.9518011119,12949090.992816737,17,0,0,SK이노베이션 | LG에너지솔루션 | 삼성SDI | LG화학 | HMM,2026-01
2026-01-26,370544.9518011119,12877483.315082362,17,0,0,기업은행 | KT&G | LG | 우리금융지주 | 카카오,2026-01
2026-01-27,370544.9518011119,13174771.930316737,17,0,0,카카오 | 메리츠금융지주 | NAVER | LG에너지솔루션 | 삼성SDI,2026-01
2026-01-28,219503.8959343026,13232492.651793677,19,1,1,메리츠금융지주 | 기업은행 | 카카오 | KT&G | NAVER,2026-01
2026-01-29,219503.8959343026,13324343.966246802,19,0,0,메리츠금융지주 | 기업은행 | LG | SK하이닉스 | 카카오,2026-01
2026-01-30,219503.8959343026,13134087.903746802,19,0,0,메리츠금융지주 | 기업은행 | KT&G | NAVER | HMM,2026-01
2026-02-02,291163.2170051052,12821083.506067606,18,1,1,메리츠금융지주 | KT&G | 기업은행 | SK하이닉스 | 카카오,2026-02
2026-02-03,291163.2170051052,13271072.66427073,18,0,0,메리츠금융지주 | KT&G | 기업은행 | NAVER | SK하이닉스,2026-02
2026-02-04,291163.2170051052,13492567.654505106,18,0,0,NAVER | 카카오 | 삼성전기 | LG화학 | 메리츠금융지주,2026-02
2026-02-05,329518.96457338566,13389684.97043276,17,1,1,HMM | 기업은행 | KT&G | 삼성전자 | LG에너지솔루션,2026-02
2026-02-06,355623.83613894094,13189440.332232691,16,1,1,기업은행 | KT&G | 셀트리온 | SK하이닉스 | HMM,2026-02
2026-02-09,355623.83613894094,13585265.283404566,16,0,0,셀트리온 | KT&G | 하나금융지주 | 우리금융지주 | SK하이닉스,2026-02
2026-02-10,355623.83613894094,13809946.207232691,16,0,0,셀트리온 | HMM | 삼성바이오로직스 | SK하이닉스 | KT&G,2026-02
2026-02-11,528667.7518823743,14072879.318288624,15,2,1,HMM | SK이노베이션 | LG화학 | 삼성바이오로직스 | 셀트리온,2026-02
2026-02-12,528327.3081402828,14406327.261265282,14,1,1,셀트리온 | 삼성바이오로직스 | SK이노베이션 | LG화학 | 기아,2026-02
2026-02-13,528327.3081402828,14250462.491734032,14,0,0,HMM | LG화학 | 기아 | SK이노베이션 | LG에너지솔루션,2026-02
2026-02-19,528327.3081402828,14673636.897984032,14,0,0,HMM | 셀트리온 | 기아 | LG화학 | POSCO홀딩스,2026-02
2026-02-20,603397.4822589168,15161856.439290166,13,1,1,기아 | LG화학 | 현대차 | 셀트리온 | SK이노베이션,2026-02
2026-02-23,816316.7991617455,15159411.096036745,11,2,1,LG화학 | 삼성바이오로직스 | 기아 | SK이노베이션 | HMM,2026-02
2026-02-24,658584.9490210227,15563112.714646023,10,1,1,기아 | 현대차 | 셀트리온 | LG화학 | SK이노베이션,2026-02
2026-02-25,658584.9490210227,15859532.355271023,10,0,0,삼성바이오로직스 | LG화학 | LG에너지솔루션 | 기아 | 현대차,2026-02
2026-02-26,1509716.5050740181,15887433.848824019,9,1,1,LG에너지솔루션 | 삼성바이오로직스 | 기아 | LG화학 | 고려아연,2026-02
2026-02-27,1509716.5050740181,15791931.567574019,9,0,0,삼성바이오로직스 | LG에너지솔루션 | 현대모비스 | 카카오 | 현대차,2026-02
2026-03-03,1109357.165666559,15367022.493791558,9,1,1,카카오 | 삼성바이오로직스 | LG화학 | LG에너지솔루션 | 고려아연,2026-03
2026-03-04,1524235.6256083287,13115344.969358329,8,4,1,고려아연 | 기아 | LG화학 | 카카오 | LG에너지솔루션,2026-03
2026-03-05,1524235.6256083287,14071427.516233329,8,0,0,고려아연 | LG에너지솔루션 | 카카오 | 현대차 | 현대모비스,2026-03
2026-03-06,1227893.4830450383,14098046.983045038,8,1,1,삼성바이오로직스 | 고려아연 | LG에너지솔루션 | 카카오 | 삼성SDI,2026-03
2026-03-09,1227893.4830450383,13436672.951795038,8,0,0,카카오 | LG화학 | 현대모비스 | LG에너지솔루션 | 한국전력,2026-03
2026-03-10,1227893.4830450383,13730852.983045038,8,0,0,삼성바이오로직스 | 카카오 | 현대모비스 | 고려아연 | SK하이닉스,2026-03
2026-03-11,1227893.4830450383,13729982.701795038,8,0,0,삼성바이오로직스 | 카카오 | LG에너지솔루션 | 현대모비스 | 고려아연,2026-03
2026-03-12,1227893.4830450383,13971575.608045038,8,0,0,삼성바이오로직스 | 고려아연 | HMM | 메리츠금융지주 | 기업은행,2026-03
2026-03-13,1227893.4830450383,13545313.264295038,8,0,0,LG에너지솔루션 | SK이노베이션 | HMM | POSCO홀딩스 | 카카오,2026-03
2026-03-16,1227893.4830450383,13374985.514295038,8,0,0,카카오 | 한국전력 | NAVER | 삼성생명 | 현대차,2026-03
2026-03-17,1227893.4830450383,13619493.045545038,8,0,0,SK하이닉스 | KB금융 | SK텔레콤 | 삼성생명 | 현대차,2026-03
2026-03-18,1227893.4830450383,13931526.201795038,8,0,0,LG에너지솔루션 | SK이노베이션 | 한국전력 | 셀트리온 | 메리츠금융지주,2026-03
2026-03-19,1227893.4830450383,13607911.108045038,8,0,0,SK이노베이션 | 메리츠금융지주 | LG에너지솔루션 | 신한지주 | 기업은행,2026-03
2026-03-20,1227893.4830450383,13728175.951795038,8,0,0,신한지주 | SK하이닉스 | KB금융 | 우리금융지주 | 삼성전기,2026-03
2026-03-23,387251.0348555627,12945629.886418063,10,1,1,SK이노베이션 | 기업은행 | LG에너지솔루션 | 신한지주 | NAVER,2026-03
2026-03-24,387251.0348555627,13393258.667668063,10,0,0,삼성생명 | SK하이닉스 | 삼성전자 | 신한지주 | 현대차,2026-03
2026-03-25,387251.0348555627,13538513.769230563,10,0,0,LG에너지솔루션 | NAVER | SK이노베이션 | POSCO홀딩스 | LG화학,2026-03
2026-03-26,387251.0348555627,13337501.206730563,10,0,0,LG에너지솔루션 | POSCO홀딩스 | LG화학 | SK이노베이션 | 셀트리온,2026-03
2026-03-27,387251.0348555627,13408250.628605563,10,0,0,POSCO홀딩스 | 메리츠금융지주 | LG에너지솔루션 | 신한지주 | 우리금융지주,2026-03
2026-03-30,387251.0348555627,13418933.222355563,10,0,0,LG에너지솔루션 | 메리츠금융지주 | 삼성바이오로직스 | 셀트리온 | KT&G,2026-03
2026-03-31,387251.0348555627,13054390.808293063,10,0,0,LG화학 | POSCO홀딩스 | LG에너지솔루션 | SK이노베이션 | 삼성SDI,2026-03
2026-04-01,387251.0348555627,13642816.816105563,10,0,0,KT&G | LG에너지솔루션 | HMM | POSCO홀딩스 | LG화학,2026-04
2026-04-02,387251.0348555627,13481406.683293063,10,0,0,POSCO홀딩스 | LG에너지솔루션 | LG화학 | 메리츠금융지주 | KT&G,2026-04
2026-04-03,387251.0348555627,13540044.909855563,10,0,0,SK이노베이션 | 삼성SDI | 삼성바이오로직스 | LG에너지솔루션 | 메리츠금융지주,2026-04
2026-04-06,387251.0348555627,13810190.730168063,10,0,0,LG화학 | 메리츠금융지주 | POSCO홀딩스 | SK이노베이션 | 고려아연,2026-04
2026-04-07,387251.0348555627,13705277.589543063,10,0,0,LG에너지솔루션 | LG | HMM | LG화학 | POSCO홀딩스,2026-04
2026-04-08,387251.0348555627,13975729.300480563,10,0,0,LG화학 | HMM | 삼성바이오로직스 | SK이노베이션 | SK텔레콤,2026-04
2026-04-09,387251.0348555627,14050192.823918063,10,0,0,HMM | 한국전력 | 고려아연 | 메리츠금융지주 | LG,2026-04
2026-04-10,387251.0348555627,14045797.175480563,10,0,0,HMM | 신한지주 | LG화학 | LG | SK이노베이션,2026-04
2026-04-13,387251.0348555627,13881492.417668063,10,0,0,HMM | SK | 고려아연 | 신한지주 | LG,2026-04
2026-04-14,387251.0348555627,13919478.980168063,10,0,0,고려아연 | SK하이닉스 | 신한지주 | 하나금융지주 | 우리금융지주,2026-04
2026-04-15,387251.0348555627,14058765.370793063,10,0,0,기업은행 | 한국전력 | 현대차 | 현대모비스 | 카카오,2026-04
2026-04-16,387251.0348555627,14401743.784855563,10,0,0,기업은행 | HMM | KB금융 | 카카오 | NAVER,2026-04
2026-04-17,387251.0348555627,14565720.816105563,10,0,0,한국전력 | NAVER | 기업은행 | 셀트리온 | HMM,2026-04
2026-04-20,260489.80586349295,14551212.649613492,12,1,1,한국전력 | 기아 | 우리금융지주 | 현대차 | KB금융,2026-04
2026-04-21,260489.80586349295,15018985.962113492,12,0,0,한국전력 | 기업은행 | SK | 우리금융지주 | 셀트리온,2026-04
2026-04-22,260489.80586349295,15001258.587113492,12,0,0,NAVER | 기아 | SK | HMM | 현대모비스,2026-04
2026-04-23,808154.7138994306,14886525.20218068,12,1,1,셀트리온 | 기아 | NAVER | 한국전력 | 고려아연,2026-04
2026-04-24,808154.7138994306,14845893.26077443,12,0,0,셀트리온 | 메리츠금융지주 | NAVER | 기아 | SK,2026-04
2026-04-27,808154.7138994306,14732369.45608693,12,0,0,셀트리온 | 기업은행 | HMM | 기아 | 삼성바이오로직스,2026-04
2026-04-28,808154.7138994306,14970618.39749318,12,0,0,NAVER | 기아 | POSCO홀딩스 | 삼성물산 | 현대차,2026-04
2026-04-29,683921.6479413265,15505163.628410077,11,1,1,셀트리온 | 기아 | 기업은행 | 현대차 | NAVER,2026-04
2026-04-30,692457.0321459637,15135955.368083464,11,1,1,기아 | 기업은행 | 현대차 | 신한지주 | NAVER,2026-04
2026-05-04,692457.0321459637,15189282.809489714,11,0,0,기업은행 | 하나금융지주 | KT&G | LG | 신한지주,2026-05
2026-05-06,692457.0321459637,15071300.586833464,11,0,0,HMM | 삼성바이오로직스 | 메리츠금융지주 | POSCO홀딩스 | KT&G,2026-05
2026-05-07,531912.3758379767,15274683.985212976,10,1,1,고려아연 | 기아 | 현대차 | KB금융 | POSCO홀딩스,2026-05
2026-05-08,531912.3758379767,15553919.125837976,10,0,0,HMM | 기아 | 메리츠금융지주 | KB금융 | 삼성물산,2026-05
2026-05-11,531912.3758379767,15726312.282087976,10,0,0,기아 | KB금융 | 삼성바이오로직스 | 기업은행 | 고려아연,2026-05
2026-05-12,664227.8569857825,15440032.466360781,10,1,1,기아 | SK텔레콤 | 고려아연 | 현대모비스 | 현대차,2026-05
2026-05-13,751695.337306095,15703923.946681095,9,1,1,셀트리온 | SK텔레콤 | 기아 | 고려아연 | KT&G,2026-05
2026-05-14,751695.337306095,15858935.087306095,9,0,0,SK텔레콤 | 기아 | 현대차 | HMM | 고려아연,2026-05
2026-05-15,595858.8404826577,15311371.402982658,9,1,1,셀트리온 | 고려아연 | 메리츠금융지주 | KT&G | HMM,2026-05
2026-05-18,1024916.9748894296,14877567.03738943,8,2,1,SK텔레콤 | 고려아연 | 기아 | LG | KB금융,2026-05
2026-05-19,616467.8438271136,14535880.328202114,7,1,1,HMM | SK텔레콤 | 메리츠금융지주 | 기아 | 고려아연,2026-05
2026-05-20,616467.8438271136,14323034.062577114,7,0,0,SK텔레콤 | 메리츠금융지주 | 고려아연 | 신한지주 | 하나금융지주,2026-05
2026-05-21,616467.8438271136,15207470.031327114,7,0,0,SK텔레콤 | 현대모비스 | KT&G | 신한지주 | 하나금융지주,2026-05
2026-05-22,616467.8438271136,15269170.031327114,7,0,0,HMM | 셀트리온 | 우리금융지주 | 기업은행 | LG,2026-05
2026-05-26,616467.8438271136,15187051.078202114,7,0,0,HMM | 셀트리온 | 우리금융지주 | 기업은행 | 신한지주,2026-05
2026-05-27,616467.8438271136,14957787.843827114,7,0,0,삼성바이오로직스 | LG에너지솔루션 | LG | SK | 셀트리온,2026-05
2026-05-28,616467.8438271136,14866127.843827114,7,0,0,SK | 셀트리온 | 삼성전자 | SK하이닉스 | 삼성바이오로직스,2026-05
2026-05-29,616467.8438271136,15120427.843827114,7,0,0,삼성SDI | LG화학 | NAVER | LG에너지솔루션 | SK이노베이션,2026-05
2026-06-01,616467.8438271136,15343887.843827114,7,0,0,NAVER | 셀트리온 | 삼성SDI | LG에너지솔루션 | SK이노베이션,2026-06
2026-06-02,616467.8438271136,15534027.843827114,7,0,0,NAVER | HMM | 카카오 | 삼성바이오로직스 | 기아,2026-06
2026-06-04,304989.90382711333,15253909.903827112,11,1,1,NAVER | LG에너지솔루션 | 우리금융지주 | 기업은행 | SK텔레콤,2026-06
2026-06-05,190213.81082711346,15297963.810827114,10,1,1,HMM | KB금융 | 신한지주 | 기업은행 | 메리츠금융지주,2026-06
2026-06-08,221884.05582711368,14238284.055827115,8,3,1,기업은행 | KB금융 | 신한지주 | 우리금융지주 | 하나금융지주,2026-06
2026-06-09,221884.05582711368,15024234.055827115,8,0,0,NAVER | SK텔레콤 | LG에너지솔루션 | 기업은행 | KB금융,2026-06
2026-06-10,221884.05582711368,14794784.055827115,8,0,0,기업은행 | LG에너지솔루션 | 메리츠금융지주 | 신한지주 | 우리금융지주,2026-06
2026-06-11,221884.05582711368,14596684.055827115,8,0,0,기업은행 | 한국전력 | 메리츠금융지주 | 신한지주 | 삼성바이오로직스,2026-06
2026-06-12,221884.05582711368,15296234.055827115,8,0,0,기업은행 | 우리금융지주 | 카카오 | HMM | 삼성SDI,2026-06
2026-06-15,221884.05582711368,15667434.055827115,8,0,0,메리츠금융지주 | 기업은행 | LG에너지솔루션 | LG화학 | HMM,2026-06
2026-06-16,221884.05582711368,15863434.055827115,8,0,0,HMM | 우리금융지주 | 기업은행 | LG에너지솔루션 | 메리츠금융지주,2026-06
2026-06-17,221884.05582711368,15498484.055827115,8,0,0,HMM | 메리츠금융지주 | LG화학 | 우리금융지주 | 기업은행,2026-06
2026-06-18,221884.05582711368,15027384.055827115,8,0,0,셀트리온 | LG에너지솔루션 | 한국전력 | 카카오 | 메리츠금융지주,2026-06
2026-06-19,221884.05582711368,14764184.055827115,8,0,0,삼성바이오로직스 | 삼성전자 | 한국전력 | LG화학 | 하나금융지주,2026-06
2026-06-22,221884.05582711368,14376284.055827115,8,0,0,LG에너지솔루션 | SK | 삼성물산 | 한국전력 | 하나금융지주,2026-06
2026-06-23,447035.23610509303,13622665.236105092,11,1,1,한국전력 | 삼성물산 | SK | 하나금융지주 | HMM,2026-06
2026-06-24,754537.4836050932,13563067.483605094,10,1,1,한국전력 | KB금융 | 삼성생명 | SK | 하나금융지주,2026-06
2026-06-25,754537.4836050932,13732557.483605094,10,0,0,삼성바이오로직스 | 기아 | LG화학 | POSCO홀딩스 | 고려아연,2026-06
2026-06-26,1031740.2872774157,13173830.287277415,10,2,1,기아 | 삼성바이오로직스 | KB금융 | SK | 카카오,2026-06
2026-06-29,1031740.2872774157,13495930.287277415,10,0,0,SK | 삼성바이오로직스 | LG화학 | 기아 | 고려아연,2026-06
2026-06-30,1031740.2872774157,13506560.287277415,10,0,0,LG에너지솔루션 | 셀트리온 | 기아 | LG화학 | POSCO홀딩스,2026-06
2026-07-01,1227796.0972774155,13343016.097277416,10,1,1,SK | 셀트리온 | KB금융 | 메리츠금융지주 | SK하이닉스,2026-07
2026-07-02,1227796.0972774155,13652496.097277416,10,0,0,셀트리온 | 기아 | 삼성SDI | 고려아연 | 기업은행,2026-07
2026-07-03,1227796.0972774155,13945186.097277416,10,0,0,셀트리온 | KB금융 | 메리츠금융지주 | 우리금융지주 | 기업은행,2026-07
2026-07-06,1227796.0972774155,14026856.097277416,10,0,0,셀트리온 | KB금융 | 신한지주 | 메리츠금융지주 | 우리금융지주,2026-07
2026-07-07,1227796.0972774155,14147996.097277416,10,0,0,기아 | KB금융 | 신한지주 | 우리금융지주 | 한국전력,2026-07
2026-07-08,1227796.0972774155,14030496.097277416,10,0,0,메리츠금융지주 | 기업은행 | 우리금융지주 | KT&G | SK이노베이션,2026-07
2026-07-09,1227796.0972774155,13702836.097277416,10,0,0,KT&G | HMM | 기아 | KB금융 | 하나금융지주,2026-07
2026-07-10,1227796.0972774155,14140326.097277416,10,0,0,KB금융 | 하나금융지주 | SK텔레콤 | KT&G | 기업은행,2026-07
