date,side,tic,name,qty,price,buy_hit,reason,pnl_pct,hold_days
2025-07-15,BUY,LLY,Eli Lilly,1,796.0388582094099,8.0,TOP7 1/7,,
2025-07-15,BUY,COST,Costco,1,973.7685486975313,6.0,TOP7 1/7,,
2025-07-15,BUY,TSLA,Tesla,4,319.67999267578125,5.0,TOP7 1/7,,
2025-07-15,BUY,MRK,Merck,17,81.06969538656064,4.0,TOP7 1/7,,
2025-07-15,BUY,BRK-B,Berkshire B,3,475.29998779296875,4.0,TOP7 1/7,,
2025-07-15,BUY,MA,Mastercard,2,549.6846296770426,4.0,TOP7 1/7,,
2025-07-15,BUY,ABBV,AbbVie,7,185.79985826494044,4.0,TOP7 1/7,,
2025-08-07,SELL,LLY,Eli Lilly,1,670.913876646079,,손절(갭)-15.7%,-15.718451464138816,17.0
2025-08-07,BUY,KO,Coca-Cola,5,67.54701641074455,8.0,TOP7 1/7,,
2025-08-07,BUY,AAPL,Apple,1,218.01508808955717,6.0,TOP7 1/7,,
2025-08-07,BUY,V,Visa,1,338.75422609906036,6.0,TOP7 1/7,,
2025-08-21,SELL,ABBV,AbbVie,7,204.29095487639546,,익절+10%(익일시가),9.95215862064207,26.0
2025-08-21,BUY,V,Visa,1,340.8014426174124,7.0,TOP7 1/7,,
2025-08-21,BUY,XOM,Exxon,3,106.0484717497085,7.0,TOP7 1/7,,
2025-08-21,BUY,PG,P&G,2,154.56372863114285,7.0,TOP7 1/7,,
2025-08-21,BUY,BAC,Bank of America,8,47.240929036727,6.0,TOP7 1/7,,
2025-08-21,BUY,KO,Coca-Cola,6,68.65561377614269,5.0,TOP7 1/7,,
2025-08-21,BUY,CVX,Chevron,2,148.30959375722065,5.0,TOP7 1/7,,
2025-08-27,SELL,TSLA,Tesla,4,351.94000244140625,,익절+10%(익일시가),10.091344627357724,30.0
2025-08-27,BUY,JPM,JPMorgan,1,291.6701254801894,4.0,TOP7 1/7,,
2025-08-27,BUY,BAC,Bank of America,6,48.963405784218004,4.0,TOP7 1/7,,
2025-08-27,BUY,XOM,Exxon,3,108.98284252847807,4.0,TOP7 1/7,,
2025-08-27,BUY,AMZN,Amazon,1,228.57000732421875,3.0,TOP7 1/7,,
2025-09-08,SELL,AAPL,Apple,1,238.62491556233425,,익절+10%(익일시가),9.453395016546228,20.0
2025-09-08,BUY,PG,P&G,1,156.2079293133361,4.0,TOP7 1/7,,
2025-09-08,BUY,MRK,Merck,2,81.43739435410562,4.0,TOP7 1/7,,
2025-11-03,SELL,BAC,Bank of America,14,52.41446881643379,,익절+10%(익일시가),9.244300905445545,50.0
2025-11-03,BUY,AMZN,Amazon,1,255.36000061035156,5.0,TOP7 1/7,,
2025-11-03,BUY,BAC,Bank of America,4,52.41446881643379,4.0,TOP7 1/7,,
2025-11-03,BUY,CVX,Chevron,1,152.76410657759973,4.0,TOP7 1/7,,
2025-11-04,SELL,AMZN,Amazon,2,250.3800048828125,,익절+10%(익일시가),3.4777760327130203,47.0
2025-11-04,BUY,NVDA,NVIDIA,1,202.7414122562426,5.0,TOP7 1/7,,
2025-11-04,BUY,WMT,Walmart,2,101.51974979380726,4.0,TOP7 1/7,,
2025-11-07,SELL,NVDA,NVIDIA,1,182.46727103061835,,손절-10%,-9.999999999999998,3.0
2025-11-07,BUY,KO,Coca-Cola,3,68.4080193203067,5.0,TOP7 1/7,,
2025-11-07,BUY,WMT,Walmart,2,101.51974689196653,4.0,TOP7 1/7,,
2025-11-07,BUY,MRK,Merck,2,83.99104184340881,4.0,TOP7 1/7,,
2025-11-07,BUY,CVX,Chevron,1,148.90157327506788,3.0,TOP7 1/7,,
2025-11-13,SELL,MRK,Merck,21,89.22887084880652,,익절+10%(익일시가),9.640759171648462,85.0
2025-11-13,BUY,NFLX,Netflix,3,115.8499984741211,7.0,TOP7 1/7,,
2025-11-13,BUY,V,Visa,1,337.6423693070657,7.0,TOP7 1/7,,
2025-11-13,BUY,JNJ,Johnson&Johnson,1,190.86652189255162,6.0,TOP7 1/7,,
2025-11-13,BUY,MRK,Merck,4,89.22887084880652,5.0,TOP7 1/7,,
2025-11-13,BUY,ABBV,AbbVie,1,229.96656634764503,4.0,TOP7 1/7,,
2025-11-19,SELL,COST,Costco,1,876.3916938277782,,손절-10%,-9.999999999999998,90.0
2025-11-19,BUY,NFLX,Netflix,2,113.0,7.0,TOP7 1/7,,
2025-11-19,BUY,JNJ,Johnson&Johnson,1,196.55683769104098,6.0,TOP7 1/7,,
2025-11-19,BUY,KO,Coca-Cola,4,69.77009660687074,6.0,TOP7 1/7,,
2025-11-19,BUY,PG,P&G,1,144.83335037170994,6.0,TOP7 1/7,,
2025-11-19,BUY,CVX,Chevron,1,148.33698903429723,6.0,TOP7 1/7,,
2025-11-19,BUY,PEP,PepsiCo,1,144.04752667055314,5.0,TOP7 1/7,,
2025-11-25,SELL,MRK,Merck,4,98.43418663413324,,익절+10%(익일시가),10.316521656902534,7.0
2025-11-25,BUY,MRK,Merck,1,98.43418663413324,4.0,TOP7 1/7,,
2025-12-03,SELL,WMT,Walmart,4,111.82778841324337,,익절+10%(익일시가),10.153728943003948,19.0
2025-12-03,SELL,NFLX,Netflix,5,103.23899917602539,,손절-10%,-9.999999999999998,13.0
2025-12-03,BUY,AAPL,Apple,1,285.6692634925469,5.0,TOP7 1/7,,
2025-12-08,SELL,PG,P&G,4,137.28796581314964,,손절-10%,-9.999999999999998,75.0
2025-12-08,BUY,V,Visa,1,328.52012180876346,7.0,TOP7 1/7,,
2025-12-08,BUY,CRM,Salesforce,1,260.1342981066347,6.0,TOP7 1/7,,
2025-12-08,BUY,ORCL,Oracle,1,219.23534934963544,5.0,TOP7 1/7,,
2025-12-10,SELL,XOM,Exxon,6,117.14871962735373,,익절+10%(익일시가),8.959683402946705,76.0
2025-12-10,BUY,ORCL,Oracle,1,219.68105418699835,5.0,TOP7 1/7,,
2025-12-10,BUY,CRM,Salesforce,1,259.0118285064661,5.0,TOP7 1/7,,
2025-12-10,BUY,XOM,Exxon,2,117.14871962735373,4.0,TOP7 1/7,,
2025-12-10,BUY,AMZN,Amazon,1,228.80999755859375,3.0,TOP7 1/7,,
2025-12-10,BUY,AMD,AMD,1,222.0,3.0,TOP7 1/7,,
2025-12-11,SELL,ORCL,Oracle,2,188.79893077949723,,손절(갭)-14.0%,-13.97043753287781,3.0
2025-12-11,BUY,CVX,Chevron,1,148.0131434136462,8.0,TOP7 1/7,,
2025-12-11,BUY,XOM,Exxon,1,117.52365595718771,5.0,TOP7 1/7,,
2025-12-11,BUY,ORCL,Oracle,1,188.79893077949723,4.0,TOP7 1/7,,
2025-12-11,BUY,NVDA,NVIDIA,1,180.060377409269,4.0,TOP7 1/7,,
2025-12-11,BUY,BAC,Bank of America,4,53.36943360588613,4.0,TOP7 1/7,,
2025-12-17,SELL,AMD,AMD,1,199.8,,손절-10%,-9.999999999999998,5.0
2025-12-24,SELL,JPM,JPMorgan,1,321.6722493328215,,익절+10%(익일시가),10.286320480453126,82.0
2025-12-24,BUY,CVX,Chevron,1,147.57156166462755,7.0,TOP7 1/7,,
2025-12-24,BUY,PG,P&G,1,140.8320910560058,5.0,TOP7 1/7,,
2025-12-24,BUY,MRK,Merck,1,103.8484957498747,5.0,TOP7 1/7,,
2026-01-08,SELL,AAPL,Apple,1,256.5433578451618,,손절(갭)-10.2%,-10.19567358815452,24.0
2026-01-08,BUY,NFLX,Netflix,1,90.44999694824219,4.0,TOP7 1/7,,
2026-01-09,SELL,MRK,Merck,2,109.26907727371102,,익절+10%(익일시가),8.036017701483278,29.0
2026-01-09,BUY,KO,Coca-Cola,2,68.51351610046417,6.0,TOP7 1/7,,
2026-01-15,SELL,CVX,Chevron,7,162.67412313536838,,익절+10%(익일시가),9.260381198413725,100.0
2026-01-15,SELL,JNJ,Johnson&Johnson,2,215.83471521828713,,익절+10%(익일시가),11.420599651125274,41.0
2026-01-15,SELL,XOM,Exxon,3,127.41021728515625,,익절+10%(익일시가),8.643471655745504,23.0
2026-01-15,SELL,CRM,Salesforce,2,233.61575697589532,,손절-10%,-9.999999999999998,26.0
2026-01-15,BUY,PG,P&G,3,143.57185701473924,8.0,TOP7 1/7,,
2026-01-15,BUY,KO,Coca-Cola,6,70.64500068317753,7.0,TOP7 1/7,,
2026-01-15,BUY,PEP,PepsiCo,3,143.2593824108721,7.0,TOP7 1/7,,
2026-01-15,BUY,JNJ,Johnson&Johnson,2,215.83471521828713,5.0,TOP7 1/7,,
2026-01-15,BUY,WMT,Walmart,4,119.50620474356865,5.0,TOP7 1/7,,
2026-01-15,BUY,UNH,UnitedHealth,1,330.72527303842884,4.0,TOP7 1/7,,
2026-01-21,SELL,ORCL,Oracle,1,169.9190377015475,,손절-10%,-10.000000000000009,26.0
2026-01-21,BUY,PG,P&G,1,144.93187900703413,8.0,TOP7 1/7,,
2026-01-21,BUY,KO,Coca-Cola,2,71.02986070831885,7.0,TOP7 1/7,,
2026-01-21,BUY,PEP,PepsiCo,1,144.2304146405,7.0,TOP7 1/7,,
2026-01-27,SELL,UNH,UnitedHealth,1,290.04562584533727,,손절(갭)-12.3%,-12.300132620455884,7.0
2026-02-03,SELL,NFLX,Netflix,1,81.40499725341797,,손절-10%,-9.999999999999998,17.0
2026-02-03,BUY,BAC,Bank of America,2,53.61674212617494,5.0,TOP7 1/7,,
2026-02-04,SELL,KO,Coca-Cola,28,76.25001844126345,,익절+10%(익일시가),10.226004705033276,123.0
2026-02-04,SELL,PEP,PepsiCo,5,161.72833286751907,,익절+10%(익일시가),12.615389972898594,50.0
2026-02-04,SELL,ABBV,AbbVie,1,206.96990971288054,,손절-10%,-9.999999999999998,55.0
2026-02-04,BUY,BRK-B,Berkshire B,1,495.79998779296875,8.0,TOP7 1/7,,
2026-02-04,BUY,JPM,JPMorgan,1,311.4062598905275,6.0,TOP7 1/7,,
2026-02-04,BUY,ABBV,AbbVie,2,208.05394768536442,5.0,TOP7 1/7,,
2026-02-04,BUY,BAC,Bank of America,10,54.19050062487228,5.0,TOP7 1/7,,
2026-02-04,BUY,MRK,Merck,5,115.21200914420105,5.0,TOP7 1/7,,
2026-02-04,BUY,XOM,Exxon,4,142.20055727718952,3.0,TOP7 1/7,,
2026-02-06,SELL,PG,P&G,5,157.05735036526295,,익절+10%(익일시가),9.60351367642982,28.0
2026-02-06,SELL,AMZN,Amazon,1,202.6999969482422,,손절(갭)-11.4%,-11.411214933327074,39.0
2026-02-06,BUY,ABBV,AbbVie,1,216.95014294828525,5.0,TOP7 1/7,,
2026-02-06,BUY,MRK,Merck,2,119.01626876539304,5.0,TOP7 1/7,,
2026-02-06,BUY,BAC,Bank of America,5,54.95221167188521,4.0,TOP7 1/7,,
2026-02-09,SELL,JNJ,Johnson&Johnson,2,237.61302018969775,,익절+10%(익일시가),10.09026974617353,15.0
2026-02-09,BUY,BAC,Bank of America,4,55.783174213696384,6.0,TOP7 1/7,,
2026-02-09,BUY,NVDA,NVIDIA,1,184.03552934237337,6.0,TOP7 1/7,,
2026-02-09,BUY,ABBV,AbbVie,1,221.58172183671343,5.0,TOP7 1/7,,
2026-02-13,SELL,WMT,Walmart,4,132.17596397423097,,익절+10%(익일시가),10.601758509400039,19.0
2026-02-13,BUY,CRM,Salesforce,1,185.4961280832271,3.0,TOP7 1/7,,
2026-02-13,BUY,BAC,Bank of America,4,51.35138485567487,3.0,TOP7 1/7,,
2026-02-13,BUY,NVDA,NVIDIA,1,187.25160463564347,3.0,TOP7 1/7,,
2026-02-23,SELL,MA,Mastercard,2,494.7161667093384,,손절-10%,-9.999999999999998,153.0
2026-02-23,BUY,NVDA,NVIDIA,1,191.1668239815537,6.0,TOP7 1/7,,
2026-02-23,BUY,UNH,UnitedHealth,1,284.6979833712643,5.0,TOP7 1/7,,
2026-02-23,BUY,NFLX,Netflix,4,77.79000091552734,4.0,TOP7 1/7,,
2026-02-24,SELL,V,Visa,4,302.7865859622679,,손절-10%,-9.999999999999998,137.0
2026-02-24,BUY,NVDA,NVIDIA,1,191.2567378902843,5.0,TOP7 1/7,,
2026-02-24,BUY,UNH,UnitedHealth,1,278.4327740747045,4.0,TOP7 1/7,,
2026-02-24,BUY,PG,P&G,2,163.66757394503628,3.0,TOP7 1/7,,
2026-02-24,BUY,KO,Coca-Cola,4,79.47686333011143,2.0,TOP7 1/7,,
2026-02-24,BUY,MRK,Merck,3,121.62800722329611,2.0,TOP7 1/7,,
2026-02-27,SELL,NFLX,Netflix,4,94.30000305175781,,익절+10%(익일시가),21.2238101837263,3.0
2026-02-27,BUY,CRM,Salesforce,1,190.93843889578375,5.0,TOP7 1/7,,
2026-02-27,BUY,NFLX,Netflix,2,94.30000305175781,5.0,TOP7 1/7,,
2026-02-27,BUY,BAC,Bank of America,4,50.53031830183506,5.0,TOP7 1/7,,
2026-03-02,SELL,BAC,Bank of America,37,48.10608651976063,,손절-10%,-9.999999999999998,80.0
2026-03-02,BUY,NFLX,Netflix,4,95.26000213623047,7.0,TOP7 1/7,,
2026-03-02,BUY,V,Visa,1,314.84727900250533,6.0,TOP7 1/7,,
2026-03-02,BUY,AMZN,Amazon,1,204.5500030517578,5.0,TOP7 1/7,,
2026-03-02,BUY,UNH,UnitedHealth,1,284.31321524046825,5.0,TOP7 1/7,,
2026-03-02,BUY,KO,Coca-Cola,4,80.17749742833676,4.0,TOP7 1/7,,
2026-03-02,BUY,HD,Home Depot,1,369.73626091727044,4.0,TOP7 1/7,,
2026-03-03,SELL,XOM,Exxon,4,154.38213258261683,,익절+10%(익일시가),8.566475081867608,17.0
2026-03-03,BUY,NFLX,Netflix,2,96.01000213623047,7.0,TOP7 1/7,,
2026-03-05,SELL,ABBV,AbbVie,4,231.49945126069107,,익절+10%(익일시가),8.349488078349454,19.0
2026-03-05,BUY,AMZN,Amazon,1,215.97999572753906,8.0,TOP7 1/7,,
2026-03-05,BUY,NFLX,Netflix,3,98.5,7.0,TOP7 1/7,,
2026-03-05,BUY,AMD,AMD,1,197.77000427246094,5.0,TOP7 1/7,,
2026-03-09,SELL,JPM,JPMorgan,1,280.26563390147476,,손절-10%,-9.999999999999998,22.0
2026-03-09,BUY,CRM,Salesforce,1,197.5547685014358,4.0,TOP7 1/7,,
2026-03-09,BUY,AMZN,Amazon,1,210.4499969482422,4.0,TOP7 1/7,,
2026-03-18,SELL,PG,P&G,2,147.30081655053266,,손절-10%,-9.999999999999998,16.0
2026-03-18,SELL,HD,Home Depot,1,332.7626348255434,,손절-10%,-9.999999999999998,12.0
2026-03-18,BUY,XOM,Exxon,1,158.5836245978209,5.0,TOP7 1/7,,
2026-03-18,BUY,AMZN,Amazon,1,213.92999267578125,4.0,TOP7 1/7,,
2026-03-26,SELL,AMD,AMD,1,217.97999572753906,,익절+10%(익일시가),10.218936652919064,14.0
2026-03-26,BUY,BAC,Bank of America,5,48.45822202867737,6.0,TOP7 1/7,,
2026-03-26,BUY,MRK,Merck,2,118.11064091534625,4.0,TOP7 1/7,,
2026-03-26,BUY,AMD,AMD,1,217.97999572753906,4.0,TOP7 1/7,,
2026-03-27,SELL,NVDA,NVIDIA,5,168.0787931866423,,손절-10%,-9.999999999999998,72.0
2026-03-27,BUY,ABBV,AbbVie,1,209.6804621896633,6.0,TOP7 1/7,,
2026-03-27,BUY,AAPL,Apple,1,253.666280215245,5.0,TOP7 1/7,,
2026-03-27,BUY,MRK,Merck,2,118.43828720586941,4.0,TOP7 1/7,,
2026-03-27,BUY,XOM,Exxon,1,164.46370369951495,3.0,TOP7 1/7,,
2026-03-30,SELL,AMD,AMD,1,196.18199615478517,,손절-10%,-9.999999999999998,2.0
2026-03-30,BUY,MRK,Merck,1,119.70914832116357,6.0,TOP7 1/7,,
2026-03-30,BUY,KO,Coca-Cola,2,75.4429159104272,4.0,TOP7 1/7,,
2026-03-30,BUY,PEP,PepsiCo,1,152.2185057080722,4.0,TOP7 1/7,,
2026-03-30,BUY,WMT,Walmart,1,123.47435432392255,3.0,TOP7 1/7,,
2026-03-30,BUY,XOM,Exxon,1,171.34697728498398,3.0,TOP7 1/7,,
2026-04-09,SELL,UNH,UnitedHealth,3,304.08324700425817,,익절+10%(익일시가),7.6472038760155625,31.0
2026-04-09,SELL,CRM,Salesforce,3,172.196800644134,,손절-10%,-9.999999999999998,37.0
2026-04-09,BUY,NVDA,NVIDIA,1,181.6283100364998,8.0,TOP7 1/7,,
2026-04-09,BUY,AAPL,Apple,1,258.7615948993736,8.0,TOP7 1/7,,
2026-04-09,BUY,PG,P&G,1,143.31086497516455,7.0,TOP7 1/7,,
2026-04-09,BUY,NFLX,Netflix,2,99.62999725341797,7.0,TOP7 1/7,,
2026-04-09,BUY,ABBV,AbbVie,1,207.7564167891894,7.0,TOP7 1/7,,
2026-04-10,SELL,AMZN,Amazon,4,235.3000030517578,,익절+10%(익일시가),11.396483072199937,27.0
2026-04-10,BUY,NVDA,NVIDIA,1,184.09543736125556,8.0,TOP7 1/7,,
2026-04-10,BUY,PG,P&G,1,145.79218524932554,8.0,TOP7 1/7,,
2026-04-10,BUY,AAPL,Apple,1,259.7406946341393,8.0,TOP7 1/7,,
2026-04-14,SELL,XOM,Exxon,3,148.31829167469596,,손절-10%,-9.999999999999998,18.0
2026-04-14,BUY,NVDA,NVIDIA,1,190.61783708872017,8.0,TOP7 1/7,,
2026-04-14,BUY,AMZN,Amazon,1,241.77999877929688,5.0,TOP7 1/7,,
2026-04-15,SELL,NFLX,Netflix,13,105.9800033569336,,익절+10%(익일시가),9.656009050780723,31.0
2026-04-15,BUY,PG,P&G,2,143.2810820748224,8.0,TOP7 1/7,,
2026-04-15,BUY,HD,Home Depot,1,339.3050167001936,7.0,TOP7 1/7,,
2026-04-15,BUY,UNH,UnitedHealth,1,314.20541746552016,6.0,TOP7 1/7,,
2026-04-15,BUY,ABBV,AbbVie,1,208.99000549316406,6.0,TOP7 1/7,,
2026-04-15,BUY,ORCL,Oracle,2,166.31140813717766,6.0,TOP7 1/7,,
2026-04-15,BUY,AMZN,Amazon,1,249.25,5.0,TOP7 1/7,,
2026-04-16,SELL,BAC,Bank of America,5,53.76067293913974,,익절+10%(익일시가),10.942314200724091,13.0
2026-04-16,BUY,ORCL,Oracle,1,175.80836846916668,6.0,TOP7 1/7,,
2026-04-22,SELL,UNH,UnitedHealth,1,348.8873678788304,,익절+10%(익일시가),11.037986134378519,4.0
2026-04-22,BUY,ORCL,Oracle,1,185.53452930761875,6.0,TOP7 1/7,,
2026-04-22,BUY,CRM,Salesforce,1,187.71551415547867,5.0,TOP7 1/7,,
2026-04-22,BUY,ABBV,AbbVie,1,205.1699981689453,5.0,TOP7 1/7,,
2026-04-22,BUY,PG,P&G,1,141.43498890920546,4.0,TOP7 1/7,,
2026-04-22,BUY,CVX,Chevron,1,185.57032672627793,3.0,TOP7 1/7,,
2026-04-23,SELL,ORCL,Oracle,4,179.77456526841104,,익절+10%(익일시가),3.6215833885780757,5.0
2026-04-23,BUY,ORCL,Oracle,1,179.77456526841104,7.0,TOP7 1/7,,
2026-04-23,BUY,CRM,Salesforce,1,177.1028943275062,5.0,TOP7 1/7,,
2026-04-23,BUY,PG,P&G,1,142.32825390720163,5.0,TOP7 1/7,,
2026-04-27,SELL,NVDA,NVIDIA,3,209.4059296471886,,익절+10%(익일시가),12.919437708657844,11.0
2026-04-27,BUY,PG,P&G,1,147.4199981689453,5.0,TOP7 1/7,,
2026-04-27,BUY,CRM,Salesforce,1,177.80110048089864,5.0,TOP7 1/7,,
2026-04-27,BUY,KO,Coca-Cola,2,76.21791205760562,4.0,TOP7 1/7,,
2026-04-27,BUY,ORCL,Oracle,1,171.98167938805025,4.0,TOP7 1/7,,
2026-05-01,SELL,AMZN,Amazon,2,265.5799865722656,,익절+10%(익일시가),8.172611544100716,12.0
2026-05-01,BUY,PG,P&G,1,147.8699951171875,4.0,TOP7 1/7,,
2026-05-01,BUY,NFLX,Netflix,1,94.41999816894531,4.0,TOP7 1/7,,
2026-05-01,BUY,PEP,PepsiCo,1,157.8888367971902,4.0,TOP7 1/7,,
2026-05-04,SELL,AAPL,Apple,3,279.4025768563376,,익절+10%(익일시가),8.552427981074429,24.0
2026-05-04,BUY,KO,Coca-Cola,3,77.5592522393189,4.0,TOP7 1/7,,
2026-05-04,BUY,PEP,PepsiCo,1,154.27682715172347,4.0,TOP7 1/7,,
2026-05-04,BUY,PG,P&G,1,146.05999755859375,3.0,TOP7 1/7,,
2026-05-04,BUY,CVX,Chevron,1,189.11783711932506,3.0,TOP7 1/7,,
2026-05-07,SELL,ORCL,Oracle,2,197.92144212666506,,익절+10%(익일시가),12.533292661207929,9.0
2026-05-07,BUY,KO,Coca-Cola,2,78.2845711261052,5.0,TOP7 1/7,,
2026-05-07,BUY,PEP,PepsiCo,1,153.39609354982522,5.0,TOP7 1/7,,
2026-05-07,BUY,MRK,Merck,1,112.6995593525094,4.0,TOP7 1/7,,
2026-05-13,SELL,HD,Home Depot,1,305.3199040148408,,손절(갭)-10.0%,-10.016094962539768,20.0
2026-05-13,BUY,PEP,PepsiCo,1,149.12107981812719,6.0,TOP7 1/7,,
2026-05-13,BUY,MRK,Merck,1,111.44854739888412,5.0,TOP7 1/7,,
2026-06-02,SELL,CRM,Salesforce,3,200.50251206369967,,익절+10%(익일시가),10.85254515446017,27.0
2026-06-02,SELL,NFLX,Netflix,1,84.97799835205079,,손절-10%,-9.999999999999986,21.0
2026-06-02,BUY,CRM,Salesforce,1,200.50251206369967,7.0,TOP7 1/7,,
2026-06-02,BUY,NVDA,NVIDIA,1,226.91551751623658,3.0,TOP7 1/7,,
2026-06-08,SELL,ABBV,AbbVie,4,226.75,,익절+10%(익일시가),9.067267919472567,48.0
2026-06-08,BUY,PG,P&G,2,145.7899932861328,7.0,TOP7 1/7,,
2026-06-08,BUY,WMT,Walmart,2,118.25,5.0,TOP7 1/7,,
2026-06-08,BUY,PEP,PepsiCo,2,140.9199981689453,4.0,TOP7 1/7,,
2026-06-09,SELL,CRM,Salesforce,1,179.03791597928875,,손절(갭)-10.7%,-10.705400078773886,5.0
2026-06-09,SELL,NVDA,NVIDIA,1,204.22396576461293,,손절-10%,-9.999999999999998,5.0
2026-06-09,BUY,WMT,Walmart,2,120.37999725341797,5.0,TOP7 1/7,,
2026-06-09,BUY,CVX,Chevron,1,188.5,5.0,TOP7 1/7,,
2026-06-29,SELL,CVX,Chevron,3,168.9564491536809,,손절-10%,-9.999999999999998,46.0
2026-06-29,BUY,MRK,Merck,2,127.6500015258789,6.0,TOP7 1/7,,
2026-06-29,BUY,AMZN,Amazon,1,234.22000122070312,5.0,TOP7 1/7,,
2026-06-29,BUY,PEP,PepsiCo,1,141.97000122070312,5.0,TOP7 1/7,,
2026-06-30,SELL,MRK,Merck,19,129.22000122070312,,익절+10%(익일시가),9.059409662608964,99.0
2026-06-30,BUY,AMZN,Amazon,2,237.35000610351562,6.0,TOP7 1/7,,
2026-06-30,BUY,TSLA,Tesla,1,406.0,5.0,TOP7 1/7,,
2026-06-30,BUY,V,Visa,1,341.760009765625,5.0,TOP7 1/7,,
2026-06-30,BUY,AVGO,Broadcom,1,374.7900085449219,5.0,TOP7 1/7,,
2026-06-30,BUY,MA,Mastercard,1,511.04334170419196,5.0,TOP7 1/7,,
2026-06-30,BUY,MRK,Merck,4,129.22000122070312,5.0,TOP7 1/7,,
2026-06-30,BUY,NVDA,NVIDIA,2,197.24000549316406,4.0,TOP7 1/7,,
2026-07-01,SELL,WMT,Walmart,5,108.13218278953654,,손절-10%,-9.999999999999998,64.0
2026-07-01,BUY,XOM,Exxon,1,136.52999877929688,5.0,TOP7 1/7,,
2026-07-06,SELL,V,Visa,2,363.0,,익절+10%(익일시가),10.56837358020475,85.0
2026-07-06,BUY,AMZN,Amazon,1,243.8000030517578,6.0,TOP7 1/7,,
2026-07-06,BUY,PEP,PepsiCo,1,144.24000549316406,6.0,TOP7 1/7,,
2026-07-06,BUY,NFLX,Netflix,3,77.08000183105469,5.0,TOP7 1/7,,
2026-07-06,BUY,CRM,Salesforce,1,163.99000549316406,5.0,TOP7 1/7,,
